Index,Epoch, Hidden Neurons, Learning Rate, Loss Function, Data Encoding, Batch Size, Weights Init,Hidden Activation Function, Last Activation Function, Accuracy, Time
1,10,100,0.1,cross-entropy,one_hot,256,Xavier,Sigmoid,Sigmoid,0.9161,12.589797019958496
2,10,50,0.1,cross-entropy,one_hot,256,Xavier,Sigmoid,Sigmoid,0.917,7.505033016204834
3,20,100,0.1,cross-entropy,one_hot,256,Xavier,Sigmoid,Sigmoid,0.9304,20.06783390045166
4,20,50,0.1,cross-entropy,one_hot,256,Xavier,Sigmoid,Sigmoid,0.9304,15.111234188079834
5,10,100,0.1,cross-entropy,one_hot,256,Xavier,ReLu,Sigmoid,0.9583,11.239012956619264
6,10,50,0.1,cross-entropy,one_hot,256,Xavier,ReLu,Sigmoid,0.9553,7.680460214614868
7,20,100,0.1,cross-entropy,one_hot,256,Xavier,ReLu,Sigmoid,0.9719,19.009837865829468
8,20,50,0.1,cross-entropy,one_hot,256,Xavier,ReLu,Sigmoid,0.9637,17.18621802330017
9,10,100,0.1,cross-entropy,one_hot,256,random,Sigmoid,Sigmoid,0.8665,11.528313159942629
10,10,50,0.1,cross-entropy,one_hot,256,random,Sigmoid,Sigmoid,0.8354,9.06041669845581
11,20,100,0.1,cross-entropy,one_hot,256,random,Sigmoid,Sigmoid,0.8935,28.46540093421936
12,20,50,0.1,cross-entropy,one_hot,256,random,Sigmoid,Sigmoid,0.8768,16.36184597015381
13,10,100,0.1,cross-entropy,one_hot,256,random,ReLu,Sigmoid,0.8997,9.56536602973938
14,10,50,0.1,cross-entropy,one_hot,256,random,ReLu,Sigmoid,0.8758,7.062573194503784
15,20,100,0.1,cross-entropy,one_hot,256,random,ReLu,Sigmoid,0.9161,19.32966685295105
16,20,50,0.1,cross-entropy,one_hot,256,random,ReLu,Sigmoid,0.9,13.741643905639648
17,10,100,0.1,cross-entropy,one_hot,256,0,Sigmoid,Sigmoid,0.1445,9.734534740447998
18,10,50,0.1,cross-entropy,one_hot,256,0,Sigmoid,Sigmoid,0.1857,7.795377016067505
19,20,100,0.1,cross-entropy,one_hot,256,0,Sigmoid,Sigmoid,0.3289,24.375909328460693
20,20,50,0.1,cross-entropy,one_hot,256,0,Sigmoid,Sigmoid,0.322,16.317370176315308
21,10,100,0.1,cross-entropy,one_hot,256,0,ReLu,Sigmoid,0.1135,11.401458978652954
22,10,50,0.1,cross-entropy,one_hot,256,0,ReLu,Sigmoid,0.1135,7.915803909301758
23,20,100,0.1,cross-entropy,one_hot,256,0,ReLu,Sigmoid,0.1135,19.666563987731934
24,20,50,0.1,cross-entropy,one_hot,256,0,ReLu,Sigmoid,0.1135,15.305969715118408
25,10,100,0.1,cross-entropy,binary,256,Xavier,Sigmoid,Sigmoid,0.9164,11.669468879699709
26,10,50,0.1,cross-entropy,binary,256,Xavier,Sigmoid,Sigmoid,0.9172,8.94934606552124
27,20,100,0.1,cross-entropy,binary,256,Xavier,Sigmoid,Sigmoid,0.9324,22.72742176055908
28,20,50,0.1,cross-entropy,binary,256,Xavier,Sigmoid,Sigmoid,0.9314,16.419615983963013
29,10,100,0.1,cross-entropy,binary,256,Xavier,ReLu,Sigmoid,0.9566,8.576822996139526
30,10,50,0.1,cross-entropy,binary,256,Xavier,ReLu,Sigmoid,0.9527,7.127070903778076
31,20,100,0.1,cross-entropy,binary,256,Xavier,ReLu,Sigmoid,0.9693,19.35787606239319
32,20,50,0.1,cross-entropy,binary,256,Xavier,ReLu,Sigmoid,0.9664,15.096440076828005
33,10,100,0.1,cross-entropy,binary,256,random,Sigmoid,Sigmoid,0.8646,17.42339777946472
34,10,50,0.1,cross-entropy,binary,256,random,Sigmoid,Sigmoid,0.8422,11.55211091041565
35,20,100,0.1,cross-entropy,binary,256,random,Sigmoid,Sigmoid,0.8975,35.95455884933472
36,20,50,0.1,cross-entropy,binary,256,random,Sigmoid,Sigmoid,0.8744,15.858302116394045
37,10,100,0.1,cross-entropy,binary,256,random,ReLu,Sigmoid,0.8992,20.04602599143982
38,10,50,0.1,cross-entropy,binary,256,random,ReLu,Sigmoid,0.8639,13.401185035705566
39,20,100,0.1,cross-entropy,binary,256,random,ReLu,Sigmoid,0.9145,38.46502089500427
40,20,50,0.1,cross-entropy,binary,256,random,ReLu,Sigmoid,0.9009,25.369853019714355
41,10,100,0.1,cross-entropy,binary,256,0,Sigmoid,Sigmoid,0.1629,19.36861300468445
42,10,50,0.1,cross-entropy,binary,256,0,Sigmoid,Sigmoid,0.1777,20.30778288841248
43,20,100,0.1,cross-entropy,binary,256,0,Sigmoid,Sigmoid,0.3353,41.372575998306274
44,20,50,0.1,cross-entropy,binary,256,0,Sigmoid,Sigmoid,0.3538,30.691590309143063
45,10,100,0.1,cross-entropy,binary,256,0,ReLu,Sigmoid,0.1135,23.558675050735477
46,10,50,0.1,cross-entropy,binary,256,0,ReLu,Sigmoid,0.1135,410.10652899742126
47,20,100,0.1,cross-entropy,binary,256,0,ReLu,Sigmoid,0.1135,31.65316700935364
48,20,50,0.1,cross-entropy,binary,256,0,ReLu,Sigmoid,0.1135,13.781345129013062
49,10,100,0.1,quadratic,one_hot,256,Xavier,Sigmoid,Sigmoid,0.865,13.11506199836731
50,10,50,0.1,quadratic,one_hot,256,Xavier,Sigmoid,Sigmoid,0.8502,7.90923285484314
51,20,100,0.1,quadratic,one_hot,256,Xavier,Sigmoid,Sigmoid,0.8913,22.359061002731323
52,20,50,0.1,quadratic,one_hot,256,Xavier,Sigmoid,Sigmoid,0.888,16.15062403678894
53,10,100,0.1,quadratic,one_hot,256,Xavier,ReLu,Sigmoid,0.9204,8.946953058242798
54,10,50,0.1,quadratic,one_hot,256,Xavier,ReLu,Sigmoid,0.9167,6.36000919342041
55,20,100,0.1,quadratic,one_hot,256,Xavier,ReLu,Sigmoid,0.9343,17.839531898498535
56,20,50,0.1,quadratic,one_hot,256,Xavier,ReLu,Sigmoid,0.9285,13.871218204498293
57,10,100,0.1,quadratic,one_hot,256,random,Sigmoid,Sigmoid,0.3633,12.304890155792236
58,10,50,0.1,quadratic,one_hot,256,random,Sigmoid,Sigmoid,0.2842,7.521195888519287
59,20,100,0.1,quadratic,one_hot,256,random,Sigmoid,Sigmoid,0.0975,22.74203395843506
60,20,50,0.1,quadratic,one_hot,256,random,Sigmoid,Sigmoid,0.4794,17.43574285507202
61,10,100,0.1,quadratic,one_hot,256,random,ReLu,Sigmoid,0.1552,8.493235111236572
62,10,50,0.1,quadratic,one_hot,256,random,ReLu,Sigmoid,0.0912,7.118155956268311
63,20,100,0.1,quadratic,one_hot,256,random,ReLu,Sigmoid,0.2669,16.41381311416626
64,20,50,0.1,quadratic,one_hot,256,random,ReLu,Sigmoid,0.2264,12.801353931427002
65,10,100,0.1,quadratic,one_hot,256,0,Sigmoid,Sigmoid,0.1135,9.715005159378052
66,10,50,0.1,quadratic,one_hot,256,0,Sigmoid,Sigmoid,0.1135,7.101340770721436
67,20,100,0.1,quadratic,one_hot,256,0,Sigmoid,Sigmoid,0.1135,19.65262007713318
68,20,50,0.1,quadratic,one_hot,256,0,Sigmoid,Sigmoid,0.1135,24.211207151412964
69,10,100,0.1,quadratic,one_hot,256,0,ReLu,Sigmoid,0.1135,14.478219032287598
70,10,50,0.1,quadratic,one_hot,256,0,ReLu,Sigmoid,0.1135,10.012128114700316
71,20,100,0.1,quadratic,one_hot,256,0,ReLu,Sigmoid,0.1135,25.00167489051819
72,20,50,0.1,quadratic,one_hot,256,0,ReLu,Sigmoid,0.1135,20.690443992614743
73,10,100,0.1,quadratic,binary,256,Xavier,Sigmoid,Sigmoid,0.8641,11.014814138412476
74,10,50,0.1,quadratic,binary,256,Xavier,Sigmoid,Sigmoid,0.856,8.863460779190063
75,20,100,0.1,quadratic,binary,256,Xavier,Sigmoid,Sigmoid,0.891,23.05936574935913
76,20,50,0.1,quadratic,binary,256,Xavier,Sigmoid,Sigmoid,0.8895,15.848812103271484
77,10,100,0.1,quadratic,binary,256,Xavier,ReLu,Sigmoid,0.9175,8.42432689666748
78,10,50,0.1,quadratic,binary,256,Xavier,ReLu,Sigmoid,0.9174,7.1940531730651855
79,20,100,0.1,quadratic,binary,256,Xavier,ReLu,Sigmoid,0.9365,17.287372827529907
80,20,50,0.1,quadratic,binary,256,Xavier,ReLu,Sigmoid,0.9328,14.529223918914797
81,10,100,0.1,quadratic,binary,256,random,Sigmoid,Sigmoid,0.4241,11.437173843383787
82,10,50,0.1,quadratic,binary,256,random,Sigmoid,Sigmoid,0.2794,10.472961187362673
83,20,100,0.1,quadratic,binary,256,random,Sigmoid,Sigmoid,0.0993,22.79895710945129
84,20,50,0.1,quadratic,binary,256,random,Sigmoid,Sigmoid,0.4399,15.782768964767456
85,10,100,0.1,quadratic,binary,256,random,ReLu,Sigmoid,0.2936,9.229229927062988
86,10,50,0.1,quadratic,binary,256,random,ReLu,Sigmoid,0.1923,6.692456960678101
87,20,100,0.1,quadratic,binary,256,random,ReLu,Sigmoid,0.3195,19.251314878463745
88,20,50,0.1,quadratic,binary,256,random,ReLu,Sigmoid,0.4322,16.57386016845703
89,10,100,0.1,quadratic,binary,256,0,Sigmoid,Sigmoid,0.1135,127.18745994567873
90,10,50,0.1,quadratic,binary,256,0,Sigmoid,Sigmoid,0.1135,7.908957004547119
91,20,100,0.1,quadratic,binary,256,0,Sigmoid,Sigmoid,0.1135,20.549896955490112
92,20,50,0.1,quadratic,binary,256,0,Sigmoid,Sigmoid,0.1135,13.782251834869385
93,10,100,0.1,quadratic,binary,256,0,ReLu,Sigmoid,0.1135,8.283003807067871
94,10,50,0.1,quadratic,binary,256,0,ReLu,Sigmoid,0.1135,6.36076807975769
95,20,100,0.1,quadratic,binary,256,0,ReLu,Sigmoid,0.1135,16.359413146972656
96,20,50,0.1,quadratic,binary,256,0,ReLu,Sigmoid,0.1135,12.219093799591064
97,10,100,0.2,cross-entropy,one_hot,256,Xavier,Sigmoid,Sigmoid,0.9313,10.839117050170898
98,10,50,0.2,cross-entropy,one_hot,256,Xavier,Sigmoid,Sigmoid,0.9322,7.9272730350494385
99,20,100,0.2,cross-entropy,one_hot,256,Xavier,Sigmoid,Sigmoid,0.9495,20.83104515075684
100,20,50,0.2,cross-entropy,one_hot,256,Xavier,Sigmoid,Sigmoid,0.9476,15.365065097808838
101,10,100,0.2,cross-entropy,one_hot,256,Xavier,ReLu,Sigmoid,0.9682,9.142489194869995
102,10,50,0.2,cross-entropy,one_hot,256,Xavier,ReLu,Sigmoid,0.9608,7.607508897781372
103,20,100,0.2,cross-entropy,one_hot,256,Xavier,ReLu,Sigmoid,0.9734,18.90389108657837
104,20,50,0.2,cross-entropy,one_hot,256,Xavier,ReLu,Sigmoid,0.9689,12.307541608810425
105,10,100,0.2,cross-entropy,one_hot,256,random,Sigmoid,Sigmoid,0.8942,10.107238054275513
106,10,50,0.2,cross-entropy,one_hot,256,random,Sigmoid,Sigmoid,0.8786,7.285077095031738
107,20,100,0.2,cross-entropy,one_hot,256,random,Sigmoid,Sigmoid,0.9165,20.597637176513672
108,20,50,0.2,cross-entropy,one_hot,256,random,Sigmoid,Sigmoid,0.9056,14.712883949279783
109,10,100,0.2,cross-entropy,one_hot,256,random,ReLu,Sigmoid,0.9135,8.06783413887024
110,10,50,0.2,cross-entropy,one_hot,256,random,ReLu,Sigmoid,0.888,6.445921897888184
111,20,100,0.2,cross-entropy,one_hot,256,random,ReLu,Sigmoid,0.9317,16.085075855255127
112,20,50,0.2,cross-entropy,one_hot,256,random,ReLu,Sigmoid,0.9196,12.793779850006104
113,10,100,0.2,cross-entropy,one_hot,256,0,Sigmoid,Sigmoid,0.3285,9.50049901008606
114,10,50,0.2,cross-entropy,one_hot,256,0,Sigmoid,Sigmoid,0.3332,7.067997217178345
115,20,100,0.2,cross-entropy,one_hot,256,0,Sigmoid,Sigmoid,0.3606,18.683752298355103
116,20,50,0.2,cross-entropy,one_hot,256,0,Sigmoid,Sigmoid,0.3433,13.309523105621338
117,10,100,0.2,cross-entropy,one_hot,256,0,ReLu,Sigmoid,0.1135,8.469292879104614
118,10,50,0.2,cross-entropy,one_hot,256,0,ReLu,Sigmoid,0.1135,7.145709037780762
119,20,100,0.2,cross-entropy,one_hot,256,0,ReLu,Sigmoid,0.1135,15.88743495941162
120,20,50,0.2,cross-entropy,one_hot,256,0,ReLu,Sigmoid,0.1135,12.117001056671144
121,10,100,0.2,cross-entropy,binary,256,Xavier,Sigmoid,Sigmoid,0.9325,10.353102922439575
122,10,50,0.2,cross-entropy,binary,256,Xavier,Sigmoid,Sigmoid,0.9286,7.397310972213745
123,20,100,0.2,cross-entropy,binary,256,Xavier,Sigmoid,Sigmoid,0.9482,19.96694803237915
124,20,50,0.2,cross-entropy,binary,256,Xavier,Sigmoid,Sigmoid,0.9454,14.258299827575684
125,10,100,0.2,cross-entropy,binary,256,Xavier,ReLu,Sigmoid,0.9695,8.120848178863525
126,10,50,0.2,cross-entropy,binary,256,Xavier,ReLu,Sigmoid,0.9629,6.492901086807251
127,20,100,0.2,cross-entropy,binary,256,Xavier,ReLu,Sigmoid,0.9738,17.13469099998474
128,20,50,0.2,cross-entropy,binary,256,Xavier,ReLu,Sigmoid,0.9698,12.220625877380373
129,10,100,0.2,cross-entropy,binary,256,random,Sigmoid,Sigmoid,0.8997,12.654986143112184
130,10,50,0.2,cross-entropy,binary,256,random,Sigmoid,Sigmoid,0.8741,7.301090717315674
131,20,100,0.2,cross-entropy,binary,256,random,Sigmoid,Sigmoid,0.9178,21.434848070144653
132,20,50,0.2,cross-entropy,binary,256,random,Sigmoid,Sigmoid,0.9043,14.717257976531982
133,10,100,0.2,cross-entropy,binary,256,random,ReLu,Sigmoid,0.917,8.569209098815918
134,10,50,0.2,cross-entropy,binary,256,random,ReLu,Sigmoid,0.8952,6.396929979324341
135,20,100,0.2,cross-entropy,binary,256,random,ReLu,Sigmoid,0.9304,16.98320984840393
136,20,50,0.2,cross-entropy,binary,256,random,ReLu,Sigmoid,0.9188,12.2344651222229
137,10,100,0.2,cross-entropy,binary,256,0,Sigmoid,Sigmoid,0.3318,10.028010129928589
138,10,50,0.2,cross-entropy,binary,256,0,Sigmoid,Sigmoid,0.3304,7.410205125808716
139,20,100,0.2,cross-entropy,binary,256,0,Sigmoid,Sigmoid,0.3503,495.7335660457611
140,20,50,0.2,cross-entropy,binary,256,0,Sigmoid,Sigmoid,0.3474,12.577616930007936
141,10,100,0.2,cross-entropy,binary,256,0,ReLu,Sigmoid,0.1135,7.998040199279785
142,10,50,0.2,cross-entropy,binary,256,0,ReLu,Sigmoid,0.1135,6.090394973754883
143,20,100,0.2,cross-entropy,binary,256,0,ReLu,Sigmoid,0.1135,954.0394620895386
144,20,50,0.2,cross-entropy,binary,256,0,ReLu,Sigmoid,0.1135,10.251353979110718
145,10,100,0.2,quadratic,one_hot,256,Xavier,Sigmoid,Sigmoid,0.8917,8.896224975585938
146,10,50,0.2,quadratic,one_hot,256,Xavier,Sigmoid,Sigmoid,0.8924,14.115427017211914
147,20,100,0.2,quadratic,one_hot,256,Xavier,Sigmoid,Sigmoid,0.9078,21.08224201202393
148,20,50,0.2,quadratic,one_hot,256,Xavier,Sigmoid,Sigmoid,0.9074,14.529754877090454
149,10,100,0.2,quadratic,one_hot,256,Xavier,ReLu,Sigmoid,0.932,8.154088973999023
150,10,50,0.2,quadratic,one_hot,256,Xavier,ReLu,Sigmoid,0.93,6.40277886390686
151,20,100,0.2,quadratic,one_hot,256,Xavier,ReLu,Sigmoid,0.9499,18.5084810256958
152,20,50,0.2,quadratic,one_hot,256,Xavier,ReLu,Sigmoid,0.9407,13.708537101745604
153,10,100,0.2,quadratic,one_hot,256,random,Sigmoid,Sigmoid,0.5755,11.489686965942385
154,10,50,0.2,quadratic,one_hot,256,random,Sigmoid,Sigmoid,0.4927,7.731173038482666
155,20,100,0.2,quadratic,one_hot,256,random,Sigmoid,Sigmoid,0.3974,23.86046385765076
156,20,50,0.2,quadratic,one_hot,256,random,Sigmoid,Sigmoid,0.4392,15.764111042022703
157,10,100,0.2,quadratic,one_hot,256,random,ReLu,Sigmoid,0.3056,8.715853214263916
158,10,50,0.2,quadratic,one_hot,256,random,ReLu,Sigmoid,0.1723,7.470800161361694
159,20,100,0.2,quadratic,one_hot,256,random,ReLu,Sigmoid,0.2253,21.12352418899536
160,20,50,0.2,quadratic,one_hot,256,random,ReLu,Sigmoid,0.2039,15.02703619003296
161,10,100,0.2,quadratic,one_hot,256,0,Sigmoid,Sigmoid,0.1135,10.9550359249115
162,10,50,0.2,quadratic,one_hot,256,0,Sigmoid,Sigmoid,0.1135,7.240585088729858
163,20,100,0.2,quadratic,one_hot,256,0,Sigmoid,Sigmoid,0.1135,20.14346289634705
164,20,50,0.2,quadratic,one_hot,256,0,Sigmoid,Sigmoid,0.1135,15.30114197731018
165,10,100,0.2,quadratic,one_hot,256,0,ReLu,Sigmoid,0.1135,9.486986875534058
166,10,50,0.2,quadratic,one_hot,256,0,ReLu,Sigmoid,0.1135,6.917062044143677
167,20,100,0.2,quadratic,one_hot,256,0,ReLu,Sigmoid,0.1135,22.16319513320923
168,20,50,0.2,quadratic,one_hot,256,0,ReLu,Sigmoid,0.1135,13.941503286361694
169,10,100,0.2,quadratic,binary,256,Xavier,Sigmoid,Sigmoid,0.894,11.184720277786257
170,10,50,0.2,quadratic,binary,256,Xavier,Sigmoid,Sigmoid,0.8919,7.809334993362427
171,20,100,0.2,quadratic,binary,256,Xavier,Sigmoid,Sigmoid,0.9083,21.948230981826782
172,20,50,0.2,quadratic,binary,256,Xavier,Sigmoid,Sigmoid,0.9091,16.750931978225708
173,10,100,0.2,quadratic,binary,256,Xavier,ReLu,Sigmoid,0.9319,9.395267009735107
174,10,50,0.2,quadratic,binary,256,Xavier,ReLu,Sigmoid,0.9307,7.383347034454346
175,20,100,0.2,quadratic,binary,256,Xavier,ReLu,Sigmoid,0.9508,21.514765977859497
176,20,50,0.2,quadratic,binary,256,Xavier,ReLu,Sigmoid,0.9435,16.70005989074707
177,10,100,0.2,quadratic,binary,256,random,Sigmoid,Sigmoid,0.379,13.652113914489746
178,10,50,0.2,quadratic,binary,256,random,Sigmoid,Sigmoid,0.4245,8.692141056060791
179,20,100,0.2,quadratic,binary,256,random,Sigmoid,Sigmoid,0.4673,21.642985820770264
180,20,50,0.2,quadratic,binary,256,random,Sigmoid,Sigmoid,0.5503,17.139475107192993
181,10,100,0.2,quadratic,binary,256,random,ReLu,Sigmoid,0.181,9.09645700454712
182,10,50,0.2,quadratic,binary,256,random,ReLu,Sigmoid,0.2158,7.589073896408081
183,20,100,0.2,quadratic,binary,256,random,ReLu,Sigmoid,0.3147,18.70645308494568
184,20,50,0.2,quadratic,binary,256,random,ReLu,Sigmoid,0.144,16.642348051071167
185,10,100,0.2,quadratic,binary,256,0,Sigmoid,Sigmoid,0.1135,10.305125713348389
186,10,50,0.2,quadratic,binary,256,0,Sigmoid,Sigmoid,0.1135,8.82556676864624
187,20,100,0.2,quadratic,binary,256,0,Sigmoid,Sigmoid,0.1135,20.390034914016724
188,20,50,0.2,quadratic,binary,256,0,Sigmoid,Sigmoid,0.1135,17.146878004074097
189,10,100,0.2,quadratic,binary,256,0,ReLu,Sigmoid,0.1135,9.252211332321169
190,10,50,0.2,quadratic,binary,256,0,ReLu,Sigmoid,0.1135,6.653034925460815
191,20,100,0.2,quadratic,binary,256,0,ReLu,Sigmoid,0.1135,17.533023834228516
192,20,50,0.2,quadratic,binary,256,0,ReLu,Sigmoid,0.1135,13.98697590827942
193,10,100,0.1,cross-entropy,one_hot,60000,Xavier,Sigmoid,Sigmoid,0.3483,11.43609619140625
194,10,50,0.1,cross-entropy,one_hot,60000,Xavier,Sigmoid,Sigmoid,0.2777,7.768718957901001
195,20,100,0.1,cross-entropy,one_hot,60000,Xavier,Sigmoid,Sigmoid,0.5527,22.48455786705017
196,20,50,0.1,cross-entropy,one_hot,60000,Xavier,Sigmoid,Sigmoid,0.5542,15.09402871131897
197,10,100,0.1,cross-entropy,one_hot,60000,Xavier,ReLu,Sigmoid,0.657,8.03737998008728
198,10,50,0.1,cross-entropy,one_hot,60000,Xavier,ReLu,Sigmoid,0.5141,7.004085063934326
199,20,100,0.1,cross-entropy,one_hot,60000,Xavier,ReLu,Sigmoid,0.7582,15.566765785217283
200,20,50,0.1,cross-entropy,one_hot,60000,Xavier,ReLu,Sigmoid,0.7287,12.153417825698853
201,10,100,0.1,cross-entropy,one_hot,60000,random,Sigmoid,Sigmoid,0.1424,10.179342985153198
202,10,50,0.1,cross-entropy,one_hot,60000,random,Sigmoid,Sigmoid,0.1539,7.562355995178223
203,20,100,0.1,cross-entropy,one_hot,60000,random,Sigmoid,Sigmoid,0.1835,430.50435090065
204,20,50,0.1,cross-entropy,one_hot,60000,random,Sigmoid,Sigmoid,0.1224,17.18116593360901
205,10,100,0.1,cross-entropy,one_hot,60000,random,ReLu,Sigmoid,0.4447,8.405564785003662
206,10,50,0.1,cross-entropy,one_hot,60000,random,ReLu,Sigmoid,0.3343,6.810800075531006
207,20,100,0.1,cross-entropy,one_hot,60000,random,ReLu,Sigmoid,0.6001,16.27471113204956
208,20,50,0.1,cross-entropy,one_hot,60000,random,ReLu,Sigmoid,0.4864,16.94734525680542
209,10,100,0.1,cross-entropy,one_hot,60000,0,Sigmoid,Sigmoid,0.1135,11.940595149993896
210,10,50,0.1,cross-entropy,one_hot,60000,0,Sigmoid,Sigmoid,0.1135,7.086416959762573
211,20,100,0.1,cross-entropy,one_hot,60000,0,Sigmoid,Sigmoid,0.1135,17.888425827026367
212,20,50,0.1,cross-entropy,one_hot,60000,0,Sigmoid,Sigmoid,0.1135,13.153089046478271
213,10,100,0.1,cross-entropy,one_hot,60000,0,ReLu,Sigmoid,0.1135,8.037068843841553
214,10,50,0.1,cross-entropy,one_hot,60000,0,ReLu,Sigmoid,0.1135,6.379180669784546
215,20,100,0.1,cross-entropy,one_hot,60000,0,ReLu,Sigmoid,0.1135,15.653347253799438
216,20,50,0.1,cross-entropy,one_hot,60000,0,ReLu,Sigmoid,0.1135,11.876946926116943
217,10,100,0.1,cross-entropy,binary,60000,Xavier,Sigmoid,Sigmoid,0.382,10.13638973236084
218,10,50,0.1,cross-entropy,binary,60000,Xavier,Sigmoid,Sigmoid,0.2907,7.968962907791138
219,20,100,0.1,cross-entropy,binary,60000,Xavier,Sigmoid,Sigmoid,0.5404,20.087725162506104
220,20,50,0.1,cross-entropy,binary,60000,Xavier,Sigmoid,Sigmoid,0.4997,14.091193199157717
221,10,100,0.1,cross-entropy,binary,60000,Xavier,ReLu,Sigmoid,0.6688,7.946537971496582
222,10,50,0.1,cross-entropy,binary,60000,Xavier,ReLu,Sigmoid,0.5818,6.428834199905396
223,20,100,0.1,cross-entropy,binary,60000,Xavier,ReLu,Sigmoid,0.7858,15.50946807861328
224,20,50,0.1,cross-entropy,binary,60000,Xavier,ReLu,Sigmoid,0.7017,12.241186141967772
225,10,100,0.1,cross-entropy,binary,60000,random,Sigmoid,Sigmoid,0.102,10.039162874221802
226,10,50,0.1,cross-entropy,binary,60000,random,Sigmoid,Sigmoid,0.1181,7.406369924545288
227,20,100,0.1,cross-entropy,binary,60000,random,Sigmoid,Sigmoid,0.1945,19.683345079422
228,20,50,0.1,cross-entropy,binary,60000,random,Sigmoid,Sigmoid,0.1463,14.811202049255373
229,10,100,0.1,cross-entropy,binary,60000,random,ReLu,Sigmoid,0.4509,8.183503150939941
230,10,50,0.1,cross-entropy,binary,60000,random,ReLu,Sigmoid,0.385,6.765305042266846
231,20,100,0.1,cross-entropy,binary,60000,random,ReLu,Sigmoid,0.5909,15.914061784744264
232,20,50,0.1,cross-entropy,binary,60000,random,ReLu,Sigmoid,0.4974,12.911887884140016
233,10,100,0.1,cross-entropy,binary,60000,0,Sigmoid,Sigmoid,0.1135,10.435718059539797
234,10,50,0.1,cross-entropy,binary,60000,0,Sigmoid,Sigmoid,0.1135,7.166666030883789
235,20,100,0.1,cross-entropy,binary,60000,0,Sigmoid,Sigmoid,0.1135,20.543841123580933
236,20,50,0.1,cross-entropy,binary,60000,0,Sigmoid,Sigmoid,0.1135,15.95937204360962
237,10,100,0.1,cross-entropy,binary,60000,0,ReLu,Sigmoid,0.1135,10.003071308135986
238,10,50,0.1,cross-entropy,binary,60000,0,ReLu,Sigmoid,0.1135,7.330250024795532
239,20,100,0.1,cross-entropy,binary,60000,0,ReLu,Sigmoid,0.1135,17.256038188934326
240,20,50,0.1,cross-entropy,binary,60000,0,ReLu,Sigmoid,0.1135,12.989033937454224
241,10,100,0.1,quadratic,one_hot,60000,Xavier,Sigmoid,Sigmoid,0.106,10.315399885177612
242,10,50,0.1,quadratic,one_hot,60000,Xavier,Sigmoid,Sigmoid,0.0955,7.830160140991211
243,20,100,0.1,quadratic,one_hot,60000,Xavier,Sigmoid,Sigmoid,0.1777,22.260226011276245
244,20,50,0.1,quadratic,one_hot,60000,Xavier,Sigmoid,Sigmoid,0.155,13.319133281707764
245,10,100,0.1,quadratic,one_hot,60000,Xavier,ReLu,Sigmoid,0.2608,7.889611005783081
246,10,50,0.1,quadratic,one_hot,60000,Xavier,ReLu,Sigmoid,0.172,5.783689022064209
247,20,100,0.1,quadratic,one_hot,60000,Xavier,ReLu,Sigmoid,0.348,16.240181922912598
248,20,50,0.1,quadratic,one_hot,60000,Xavier,ReLu,Sigmoid,0.2243,12.021023988723757
249,10,100,0.1,quadratic,one_hot,60000,random,Sigmoid,Sigmoid,0.104,9.858137130737305
250,10,50,0.1,quadratic,one_hot,60000,random,Sigmoid,Sigmoid,0.0864,6.879743814468384
251,20,100,0.1,quadratic,one_hot,60000,random,Sigmoid,Sigmoid,0.0997,19.000191926956177
252,20,50,0.1,quadratic,one_hot,60000,random,Sigmoid,Sigmoid,0.1069,14.358276844024658
253,10,100,0.1,quadratic,one_hot,60000,random,ReLu,Sigmoid,0.0874,7.558394193649292
254,10,50,0.1,quadratic,one_hot,60000,random,ReLu,Sigmoid,0.0942,5.968276023864746
255,20,100,0.1,quadratic,one_hot,60000,random,ReLu,Sigmoid,0.1258,15.014219045639038
256,20,50,0.1,quadratic,one_hot,60000,random,ReLu,Sigmoid,0.1097,11.82520866394043
257,10,100,0.1,quadratic,one_hot,60000,0,Sigmoid,Sigmoid,0.1135,9.07484483718872
258,10,50,0.1,quadratic,one_hot,60000,0,Sigmoid,Sigmoid,0.1135,7.677484750747681
259,20,100,0.1,quadratic,one_hot,60000,0,Sigmoid,Sigmoid,0.1135,17.626922130584717
260,20,50,0.1,quadratic,one_hot,60000,0,Sigmoid,Sigmoid,0.1135,12.526014804840088
261,10,100,0.1,quadratic,one_hot,60000,0,ReLu,Sigmoid,0.1135,7.535514831542969
262,10,50,0.1,quadratic,one_hot,60000,0,ReLu,Sigmoid,0.1135,5.848965883255005
263,20,100,0.1,quadratic,one_hot,60000,0,ReLu,Sigmoid,0.1135,15.327309131622314
264,20,50,0.1,quadratic,one_hot,60000,0,ReLu,Sigmoid,0.1135,11.606932878494264
265,10,100,0.1,quadratic,binary,60000,Xavier,Sigmoid,Sigmoid,0.0983,9.769838094711304
266,10,50,0.1,quadratic,binary,60000,Xavier,Sigmoid,Sigmoid,0.1207,7.350172996520996
267,20,100,0.1,quadratic,binary,60000,Xavier,Sigmoid,Sigmoid,0.2563,19.10812187194824
268,20,50,0.1,quadratic,binary,60000,Xavier,Sigmoid,Sigmoid,0.1459,13.36191201210022
269,10,100,0.1,quadratic,binary,60000,Xavier,ReLu,Sigmoid,0.2776,8.266804933547974
270,10,50,0.1,quadratic,binary,60000,Xavier,ReLu,Sigmoid,0.1695,6.566853761672974
271,20,100,0.1,quadratic,binary,60000,Xavier,ReLu,Sigmoid,0.272,15.73097014427185
272,20,50,0.1,quadratic,binary,60000,Xavier,ReLu,Sigmoid,0.3105,13.930824041366575
273,10,100,0.1,quadratic,binary,60000,random,Sigmoid,Sigmoid,0.1508,11.898084163665771
274,10,50,0.1,quadratic,binary,60000,random,Sigmoid,Sigmoid,0.0958,8.840381860733032
275,20,100,0.1,quadratic,binary,60000,random,Sigmoid,Sigmoid,0.1459,26.722893953323364
276,20,50,0.1,quadratic,binary,60000,random,Sigmoid,Sigmoid,0.1057,17.368746042251587
277,10,100,0.1,quadratic,binary,60000,random,ReLu,Sigmoid,0.1152,9.666226148605348
278,10,50,0.1,quadratic,binary,60000,random,ReLu,Sigmoid,0.1245,7.524930715560913
279,20,100,0.1,quadratic,binary,60000,random,ReLu,Sigmoid,0.0946,19.77889394760132
280,20,50,0.1,quadratic,binary,60000,random,ReLu,Sigmoid,0.139,11.618606805801392
281,10,100,0.1,quadratic,binary,60000,0,Sigmoid,Sigmoid,0.1135,9.688306093215942
282,10,50,0.1,quadratic,binary,60000,0,Sigmoid,Sigmoid,0.1135,6.786575078964233
283,20,100,0.1,quadratic,binary,60000,0,Sigmoid,Sigmoid,0.1135,18.37481999397278
284,20,50,0.1,quadratic,binary,60000,0,Sigmoid,Sigmoid,0.1135,13.216175079345703
285,10,100,0.1,quadratic,binary,60000,0,ReLu,Sigmoid,0.1135,7.78091025352478
286,10,50,0.1,quadratic,binary,60000,0,ReLu,Sigmoid,0.1135,6.125396966934204
287,20,100,0.1,quadratic,binary,60000,0,ReLu,Sigmoid,0.1135,15.147322177886965
288,20,50,0.1,quadratic,binary,60000,0,ReLu,Sigmoid,0.1135,11.54889702796936
289,10,100,0.2,cross-entropy,one_hot,60000,Xavier,Sigmoid,Sigmoid,0.5452,9.723427057266235
290,10,50,0.2,cross-entropy,one_hot,60000,Xavier,Sigmoid,Sigmoid,0.5094,6.933948755264282
291,20,100,0.2,cross-entropy,one_hot,60000,Xavier,Sigmoid,Sigmoid,0.6744,19.308423042297363
292,20,50,0.2,cross-entropy,one_hot,60000,Xavier,Sigmoid,Sigmoid,0.6454,13.885069847106934
293,10,100,0.2,cross-entropy,one_hot,60000,Xavier,ReLu,Sigmoid,0.7455,7.785076856613159
294,10,50,0.2,cross-entropy,one_hot,60000,Xavier,ReLu,Sigmoid,0.7644,6.233296155929565
295,20,100,0.2,cross-entropy,one_hot,60000,Xavier,ReLu,Sigmoid,0.8215,15.169647932052612
296,20,50,0.2,cross-entropy,one_hot,60000,Xavier,ReLu,Sigmoid,0.8182,11.810002088546751
297,10,100,0.2,cross-entropy,one_hot,60000,random,Sigmoid,Sigmoid,0.1774,9.863208055496216
298,10,50,0.2,cross-entropy,one_hot,60000,random,Sigmoid,Sigmoid,0.136,7.022028923034668
299,20,100,0.2,cross-entropy,one_hot,60000,random,Sigmoid,Sigmoid,0.1822,19.75096011161804
300,20,50,0.2,cross-entropy,one_hot,60000,random,Sigmoid,Sigmoid,0.2058,14.915504932403564
301,10,100,0.2,cross-entropy,one_hot,60000,random,ReLu,Sigmoid,0.5752,8.630800008773804
302,10,50,0.2,cross-entropy,one_hot,60000,random,ReLu,Sigmoid,0.4347,6.531813144683838
303,20,100,0.2,cross-entropy,one_hot,60000,random,ReLu,Sigmoid,0.6826,15.23362398147583
304,20,50,0.2,cross-entropy,one_hot,60000,random,ReLu,Sigmoid,0.6334,11.899422883987429
305,10,100,0.2,cross-entropy,one_hot,60000,0,Sigmoid,Sigmoid,0.1135,9.294370889663696
306,10,50,0.2,cross-entropy,one_hot,60000,0,Sigmoid,Sigmoid,0.1135,7.266175985336304
307,20,100,0.2,cross-entropy,one_hot,60000,0,Sigmoid,Sigmoid,0.1135,18.488284826278687
308,20,50,0.2,cross-entropy,one_hot,60000,0,Sigmoid,Sigmoid,0.1135,13.166770935058594
309,10,100,0.2,cross-entropy,one_hot,60000,0,ReLu,Sigmoid,0.1135,7.782310247421265
310,10,50,0.2,cross-entropy,one_hot,60000,0,ReLu,Sigmoid,0.1135,6.054038047790527
311,20,100,0.2,cross-entropy,one_hot,60000,0,ReLu,Sigmoid,0.1135,15.269901990890505
312,20,50,0.2,cross-entropy,one_hot,60000,0,ReLu,Sigmoid,0.1135,11.669233083724976
313,10,100,0.2,cross-entropy,binary,60000,Xavier,Sigmoid,Sigmoid,0.534,9.649615287780762
314,10,50,0.2,cross-entropy,binary,60000,Xavier,Sigmoid,Sigmoid,0.4515,7.105714321136475
315,20,100,0.2,cross-entropy,binary,60000,Xavier,Sigmoid,Sigmoid,0.6757,19.658966064453125
316,20,50,0.2,cross-entropy,binary,60000,Xavier,Sigmoid,Sigmoid,0.6566,13.723872900009155
317,10,100,0.2,cross-entropy,binary,60000,Xavier,ReLu,Sigmoid,0.704,7.996029138565063
318,10,50,0.2,cross-entropy,binary,60000,Xavier,ReLu,Sigmoid,0.7282,6.086292266845703
319,20,100,0.2,cross-entropy,binary,60000,Xavier,ReLu,Sigmoid,0.8314,16.77860403060913
320,20,50,0.2,cross-entropy,binary,60000,Xavier,ReLu,Sigmoid,0.8285,12.625558137893677
321,10,100,0.2,cross-entropy,binary,60000,random,Sigmoid,Sigmoid,0.1467,10.082696914672852
322,10,50,0.2,cross-entropy,binary,60000,random,Sigmoid,Sigmoid,0.1596,7.583915948867798
323,20,100,0.2,cross-entropy,binary,60000,random,Sigmoid,Sigmoid,0.2135,20.52269983291626
324,20,50,0.2,cross-entropy,binary,60000,random,Sigmoid,Sigmoid,0.1572,14.568779945373535
325,10,100,0.2,cross-entropy,binary,60000,random,ReLu,Sigmoid,0.5981,8.203307867050171
326,10,50,0.2,cross-entropy,binary,60000,random,ReLu,Sigmoid,0.4828,6.435201168060303
327,20,100,0.2,cross-entropy,binary,60000,random,ReLu,Sigmoid,0.7096,19.911662101745605
328,20,50,0.2,cross-entropy,binary,60000,random,ReLu,Sigmoid,0.5871,14.58818006515503
329,10,100,0.2,cross-entropy,binary,60000,0,Sigmoid,Sigmoid,0.1135,10.689449071884155
330,10,50,0.2,cross-entropy,binary,60000,0,Sigmoid,Sigmoid,0.1135,8.086754083633423
331,20,100,0.2,cross-entropy,binary,60000,0,Sigmoid,Sigmoid,0.1135,20.497644901275635
332,20,50,0.2,cross-entropy,binary,60000,0,Sigmoid,Sigmoid,0.1135,15.14193081855774
333,10,100,0.2,cross-entropy,binary,60000,0,ReLu,Sigmoid,0.1135,8.525696039199829
334,10,50,0.2,cross-entropy,binary,60000,0,ReLu,Sigmoid,0.1135,7.426925897598267
335,20,100,0.2,cross-entropy,binary,60000,0,ReLu,Sigmoid,0.1135,17.40313696861267
336,20,50,0.2,cross-entropy,binary,60000,0,ReLu,Sigmoid,0.1135,15.00018310546875
337,10,100,0.2,quadratic,one_hot,60000,Xavier,Sigmoid,Sigmoid,0.1573,10.443714141845703
338,10,50,0.2,quadratic,one_hot,60000,Xavier,Sigmoid,Sigmoid,0.1787,7.713180065155029
339,20,100,0.2,quadratic,one_hot,60000,Xavier,Sigmoid,Sigmoid,0.3172,21.519212007522583
340,20,50,0.2,quadratic,one_hot,60000,Xavier,Sigmoid,Sigmoid,0.2426,14.47196888923645
341,10,100,0.2,quadratic,one_hot,60000,Xavier,ReLu,Sigmoid,0.3109,8.513685941696167
342,10,50,0.2,quadratic,one_hot,60000,Xavier,ReLu,Sigmoid,0.3413,6.573642015457153
343,20,100,0.2,quadratic,one_hot,60000,Xavier,ReLu,Sigmoid,0.4929,15.474603176116943
344,20,50,0.2,quadratic,one_hot,60000,Xavier,ReLu,Sigmoid,0.363,12.492618083953856
345,10,100,0.2,quadratic,one_hot,60000,random,Sigmoid,Sigmoid,0.0861,9.879634380340576
346,10,50,0.2,quadratic,one_hot,60000,random,Sigmoid,Sigmoid,0.1401,7.160024881362915
347,20,100,0.2,quadratic,one_hot,60000,random,Sigmoid,Sigmoid,0.0785,20.71264386177063
348,20,50,0.2,quadratic,one_hot,60000,random,Sigmoid,Sigmoid,0.1119,17.663859128952026
349,10,100,0.2,quadratic,one_hot,60000,random,ReLu,Sigmoid,0.056,9.12294602394104
350,10,50,0.2,quadratic,one_hot,60000,random,ReLu,Sigmoid,0.1078,8.92974305152893
351,20,100,0.2,quadratic,one_hot,60000,random,ReLu,Sigmoid,0.0947,18.277672290802
352,20,50,0.2,quadratic,one_hot,60000,random,ReLu,Sigmoid,0.1207,17.247503757476807
353,10,100,0.2,quadratic,one_hot,60000,0,Sigmoid,Sigmoid,0.1135,10.142765045166016
354,10,50,0.2,quadratic,one_hot,60000,0,Sigmoid,Sigmoid,0.1135,7.8044469356536865
355,20,100,0.2,quadratic,one_hot,60000,0,Sigmoid,Sigmoid,0.1135,21.768477201461792
356,20,50,0.2,quadratic,one_hot,60000,0,Sigmoid,Sigmoid,0.1135,14.139493942260742
357,10,100,0.2,quadratic,one_hot,60000,0,ReLu,Sigmoid,0.1135,9.818706035614014
358,10,50,0.2,quadratic,one_hot,60000,0,ReLu,Sigmoid,0.1135,7.843616008758545
359,20,100,0.2,quadratic,one_hot,60000,0,ReLu,Sigmoid,0.1135,16.9835467338562
360,20,50,0.2,quadratic,one_hot,60000,0,ReLu,Sigmoid,0.1135,13.765674114227297
361,10,100,0.2,quadratic,binary,60000,Xavier,Sigmoid,Sigmoid,0.1852,10.263197183609009
362,10,50,0.2,quadratic,binary,60000,Xavier,Sigmoid,Sigmoid,0.1864,7.149865388870239
363,20,100,0.2,quadratic,binary,60000,Xavier,Sigmoid,Sigmoid,0.307,19.940340042114254
364,20,50,0.2,quadratic,binary,60000,Xavier,Sigmoid,Sigmoid,0.2017,15.856792211532593
365,10,100,0.2,quadratic,binary,60000,Xavier,ReLu,Sigmoid,0.3894,8.053613185882568
366,10,50,0.2,quadratic,binary,60000,Xavier,ReLu,Sigmoid,0.2617,6.247948884963989
367,20,100,0.2,quadratic,binary,60000,Xavier,ReLu,Sigmoid,0.3651,15.703808069229126
368,20,50,0.2,quadratic,binary,60000,Xavier,ReLu,Sigmoid,0.4253,12.28671407699585
369,10,100,0.2,quadratic,binary,60000,random,Sigmoid,Sigmoid,0.0957,10.347687005996704
370,10,50,0.2,quadratic,binary,60000,random,Sigmoid,Sigmoid,0.1,7.574645042419434
371,20,100,0.2,quadratic,binary,60000,random,Sigmoid,Sigmoid,0.0967,19.865018129348755
372,20,50,0.2,quadratic,binary,60000,random,Sigmoid,Sigmoid,0.0623,14.05477213859558
373,10,100,0.2,quadratic,binary,60000,random,ReLu,Sigmoid,0.0572,8.198566913604736
374,10,50,0.2,quadratic,binary,60000,random,ReLu,Sigmoid,0.0876,7.060133218765259
375,20,100,0.2,quadratic,binary,60000,random,ReLu,Sigmoid,0.0806,15.796983003616331
376,20,50,0.2,quadratic,binary,60000,random,ReLu,Sigmoid,0.2052,13.200834035873411
377,10,100,0.2,quadratic,binary,60000,0,Sigmoid,Sigmoid,0.1135,10.458691120147703
378,10,50,0.2,quadratic,binary,60000,0,Sigmoid,Sigmoid,0.1135,6.990648031234741
379,20,100,0.2,quadratic,binary,60000,0,Sigmoid,Sigmoid,0.1135,19.67906880378723
380,20,50,0.2,quadratic,binary,60000,0,Sigmoid,Sigmoid,0.1135,13.675756216049194
381,10,100,0.2,quadratic,binary,60000,0,ReLu,Sigmoid,0.1135,10.43376898765564
382,10,50,0.2,quadratic,binary,60000,0,ReLu,Sigmoid,0.1135,8.18704891204834
383,20,100,0.2,quadratic,binary,60000,0,ReLu,Sigmoid,0.1135,17.481191158294678
384,20,50,0.2,quadratic,binary,60000,0,ReLu,Sigmoid,0.1135,14.93765664100647
385,10,100,0.1,cross-entropy,one_hot,32,Xavier,Sigmoid,Sigmoid,0.9621,32.917274951934814
386,10,50,0.1,cross-entropy,one_hot,32,Xavier,Sigmoid,Sigmoid,0.9577,21.970744132995605
387,20,100,0.1,cross-entropy,one_hot,32,Xavier,Sigmoid,Sigmoid,0.9716,79.07740020751953
388,20,50,0.1,cross-entropy,one_hot,32,Xavier,Sigmoid,Sigmoid,0.9658,59.48156309127808
389,10,100,0.1,cross-entropy,one_hot,32,Xavier,ReLu,Sigmoid,0.9767,44.2289559841156
390,10,50,0.1,cross-entropy,one_hot,32,Xavier,ReLu,Sigmoid,0.9716,15.046511173248293
391,20,100,0.1,cross-entropy,one_hot,32,Xavier,ReLu,Sigmoid,0.9803,43.73753595352173
392,20,50,0.1,cross-entropy,one_hot,32,Xavier,ReLu,Sigmoid,0.9753,40.01901388168335
393,10,100,0.1,cross-entropy,one_hot,32,random,Sigmoid,Sigmoid,0.9335,27.98146796226501
394,10,50,0.1,cross-entropy,one_hot,32,random,Sigmoid,Sigmoid,0.9258,21.127067804336548
395,20,100,0.1,cross-entropy,one_hot,32,random,Sigmoid,Sigmoid,0.9459,65.89537405967712
396,20,50,0.1,cross-entropy,one_hot,32,random,Sigmoid,Sigmoid,0.9389,42.17241096496582
397,10,100,0.1,cross-entropy,one_hot,32,random,ReLu,Sigmoid,0.9418,32.12026524543762
398,10,50,0.1,cross-entropy,one_hot,32,random,ReLu,Sigmoid,0.9308,18.787599086761475
399,20,100,0.1,cross-entropy,one_hot,32,random,ReLu,Sigmoid,0.9553,47.23324179649353
400,20,50,0.1,cross-entropy,one_hot,32,random,ReLu,Sigmoid,0.9436,48.0036199092865
401,10,100,0.1,cross-entropy,one_hot,32,0,Sigmoid,Sigmoid,0.3666,29.18428611755371
402,10,50,0.1,cross-entropy,one_hot,32,0,Sigmoid,Sigmoid,0.3586,16.735098838806152
403,20,100,0.1,cross-entropy,one_hot,32,0,Sigmoid,Sigmoid,0.3576,86.06563901901245
404,20,50,0.1,cross-entropy,one_hot,32,0,Sigmoid,Sigmoid,0.3696,35.904935359954834
405,10,100,0.1,cross-entropy,one_hot,32,0,ReLu,Sigmoid,0.1135,23.691678285598755
406,10,50,0.1,cross-entropy,one_hot,32,0,ReLu,Sigmoid,0.1028,16.693439960479736
407,20,100,0.1,cross-entropy,one_hot,32,0,ReLu,Sigmoid,0.1135,42.123740911483765
408,20,50,0.1,cross-entropy,one_hot,32,0,ReLu,Sigmoid,0.1135,30.052239894866943
409,10,100,0.1,cross-entropy,binary,32,Xavier,Sigmoid,Sigmoid,0.9635,28.341124057769772
410,10,50,0.1,cross-entropy,binary,32,Xavier,Sigmoid,Sigmoid,0.9568,17.0149667263031
411,20,100,0.1,cross-entropy,binary,32,Xavier,Sigmoid,Sigmoid,0.9745,50.8531699180603
412,20,50,0.1,cross-entropy,binary,32,Xavier,Sigmoid,Sigmoid,0.9653,36.087093114852905
413,10,100,0.1,cross-entropy,binary,32,Xavier,ReLu,Sigmoid,0.9763,23.63961815834045
414,10,50,0.1,cross-entropy,binary,32,Xavier,ReLu,Sigmoid,0.9714,15.789999008178713
415,20,100,0.1,cross-entropy,binary,32,Xavier,ReLu,Sigmoid,0.9792,49.26137185096741
416,20,50,0.1,cross-entropy,binary,32,Xavier,ReLu,Sigmoid,0.9731,32.16638994216919
417,10,100,0.1,cross-entropy,binary,32,random,Sigmoid,Sigmoid,0.9326,31.574237823486328
418,10,50,0.1,cross-entropy,binary,32,random,Sigmoid,Sigmoid,0.9184,18.147279024124146
419,20,100,0.1,cross-entropy,binary,32,random,Sigmoid,Sigmoid,0.945,66.07805109024048
420,20,50,0.1,cross-entropy,binary,32,random,Sigmoid,Sigmoid,0.9384,37.57194995880127
421,10,100,0.1,cross-entropy,binary,32,random,ReLu,Sigmoid,0.9389,30.88011193275452
422,10,50,0.1,cross-entropy,binary,32,random,ReLu,Sigmoid,0.9338,18.58208394050598
423,20,100,0.1,cross-entropy,binary,32,random,ReLu,Sigmoid,0.954,45.79819798469544
424,20,50,0.1,cross-entropy,binary,32,random,ReLu,Sigmoid,0.9486,32.56549787521362
425,10,100,0.1,cross-entropy,binary,32,0,Sigmoid,Sigmoid,0.3541,27.792124032974243
426,10,50,0.1,cross-entropy,binary,32,0,Sigmoid,Sigmoid,0.3643,21.385226011276245
427,20,100,0.1,cross-entropy,binary,32,0,Sigmoid,Sigmoid,0.3689,55.06692624092102
428,20,50,0.1,cross-entropy,binary,32,0,Sigmoid,Sigmoid,0.3603,31.531328916549683
429,10,100,0.1,cross-entropy,binary,32,0,ReLu,Sigmoid,0.1135,28.540430068969727
430,10,50,0.1,cross-entropy,binary,32,0,ReLu,Sigmoid,0.1135,23.82060503959656
431,20,100,0.1,cross-entropy,binary,32,0,ReLu,Sigmoid,0.1028,74.9086902141571
432,20,50,0.1,cross-entropy,binary,32,0,ReLu,Sigmoid,0.1135,43.31580591201782
433,10,100,0.1,quadratic,one_hot,32,Xavier,Sigmoid,Sigmoid,0.9236,31.343286991119385
434,10,50,0.1,quadratic,one_hot,32,Xavier,Sigmoid,Sigmoid,0.9238,22.04099726676941
435,20,100,0.1,quadratic,one_hot,32,Xavier,Sigmoid,Sigmoid,0.9375,61.17752695083618
436,20,50,0.1,quadratic,one_hot,32,Xavier,Sigmoid,Sigmoid,0.9369,47.90470790863037
437,10,100,0.1,quadratic,one_hot,32,Xavier,ReLu,Sigmoid,0.9637,30.791347980499268
438,10,50,0.1,quadratic,one_hot,32,Xavier,ReLu,Sigmoid,0.9545,22.14662504196167
439,20,100,0.1,quadratic,one_hot,32,Xavier,ReLu,Sigmoid,0.9708,61.58413505554199
440,20,50,0.1,quadratic,one_hot,32,Xavier,ReLu,Sigmoid,0.9668,47.507370948791504
441,10,100,0.1,quadratic,one_hot,32,random,Sigmoid,Sigmoid,0.5571,40.546892166137695
442,10,50,0.1,quadratic,one_hot,32,random,Sigmoid,Sigmoid,0.6744,20.710268020629883
443,20,100,0.1,quadratic,one_hot,32,random,Sigmoid,Sigmoid,0.4662,53.8894567489624
444,20,50,0.1,quadratic,one_hot,32,random,Sigmoid,Sigmoid,0.7252,36.34629583358765
445,10,100,0.1,quadratic,one_hot,32,random,ReLu,Sigmoid,0.2682,23.377439975738525
446,10,50,0.1,quadratic,one_hot,32,random,ReLu,Sigmoid,0.4228,16.35181975364685
447,20,100,0.1,quadratic,one_hot,32,random,ReLu,Sigmoid,0.199,46.86833214759827
448,20,50,0.1,quadratic,one_hot,32,random,ReLu,Sigmoid,0.2046,34.935490131378174
449,10,100,0.1,quadratic,one_hot,32,0,Sigmoid,Sigmoid,0.1135,29.61025619506836
450,10,50,0.1,quadratic,one_hot,32,0,Sigmoid,Sigmoid,0.2078,36.28401517868042
451,20,100,0.1,quadratic,one_hot,32,0,Sigmoid,Sigmoid,0.2403,85.75716185569763
452,20,50,0.1,quadratic,one_hot,32,0,Sigmoid,Sigmoid,0.3014,50.6051561832428
453,10,100,0.1,quadratic,one_hot,32,0,ReLu,Sigmoid,0.1135,23.39206099510193
454,10,50,0.1,quadratic,one_hot,32,0,ReLu,Sigmoid,0.1135,27.32242703437805
455,20,100,0.1,quadratic,one_hot,32,0,ReLu,Sigmoid,0.1135,48.38353085517883
456,20,50,0.1,quadratic,one_hot,32,0,ReLu,Sigmoid,0.1135,32.08633375167847
457,10,100,0.1,quadratic,binary,32,Xavier,Sigmoid,Sigmoid,0.9222,26.62828803062439
458,10,50,0.1,quadratic,binary,32,Xavier,Sigmoid,Sigmoid,0.9241,17.875834941864014
459,20,100,0.1,quadratic,binary,32,Xavier,Sigmoid,Sigmoid,0.9372,50.96048593521118
460,20,50,0.1,quadratic,binary,32,Xavier,Sigmoid,Sigmoid,0.9365,30.474887132644653
461,10,100,0.1,quadratic,binary,32,Xavier,ReLu,Sigmoid,0.9619,23.71999883651733
462,10,50,0.1,quadratic,binary,32,Xavier,ReLu,Sigmoid,0.9555,14.733638763427734
463,20,100,0.1,quadratic,binary,32,Xavier,ReLu,Sigmoid,0.9715,39.61279010772705
464,20,50,0.1,quadratic,binary,32,Xavier,ReLu,Sigmoid,0.9662,29.466209173202515
465,10,100,0.1,quadratic,binary,32,random,Sigmoid,Sigmoid,0.6983,29.93890404701233
466,10,50,0.1,quadratic,binary,32,random,Sigmoid,Sigmoid,0.5927,18.659628868103027
467,20,100,0.1,quadratic,binary,32,random,Sigmoid,Sigmoid,0.5744,55.61095595359802
468,20,50,0.1,quadratic,binary,32,random,Sigmoid,Sigmoid,0.6413,30.064898014068604
469,10,100,0.1,quadratic,binary,32,random,ReLu,Sigmoid,0.3814,23.19434690475464
470,10,50,0.1,quadratic,binary,32,random,ReLu,Sigmoid,0.1589,15.260966777801514
471,20,100,0.1,quadratic,binary,32,random,ReLu,Sigmoid,0.3324,49.67239308357239
472,20,50,0.1,quadratic,binary,32,random,ReLu,Sigmoid,0.3599,38.247133016586304
473,10,100,0.1,quadratic,binary,32,0,Sigmoid,Sigmoid,0.1135,29.229721784591675
474,10,50,0.1,quadratic,binary,32,0,Sigmoid,Sigmoid,0.21,19.77461814880371
475,20,100,0.1,quadratic,binary,32,0,Sigmoid,Sigmoid,0.2477,52.27541494369507
476,20,50,0.1,quadratic,binary,32,0,Sigmoid,Sigmoid,0.2909,37.73011898994446
477,10,100,0.1,quadratic,binary,32,0,ReLu,Sigmoid,0.1135,21.598928213119507
478,10,50,0.1,quadratic,binary,32,0,ReLu,Sigmoid,0.1135,15.35546088218689
479,20,100,0.1,quadratic,binary,32,0,ReLu,Sigmoid,0.1135,43.47209191322327
480,20,50,0.1,quadratic,binary,32,0,ReLu,Sigmoid,0.1135,30.65142512321472
481,10,100,0.2,cross-entropy,one_hot,32,Xavier,Sigmoid,Sigmoid,0.9712,28.14585375785828
482,10,50,0.2,cross-entropy,one_hot,32,Xavier,Sigmoid,Sigmoid,0.9647,21.28137183189392
483,20,100,0.2,cross-entropy,one_hot,32,Xavier,Sigmoid,Sigmoid,0.978,66.82821393013
484,20,50,0.2,cross-entropy,one_hot,32,Xavier,Sigmoid,Sigmoid,0.9693,33.547245264053345
485,10,100,0.2,cross-entropy,one_hot,32,Xavier,ReLu,Sigmoid,0.9789,27.2305600643158
486,10,50,0.2,cross-entropy,one_hot,32,Xavier,ReLu,Sigmoid,0.9727,15.180493116378784
487,20,100,0.2,cross-entropy,one_hot,32,Xavier,ReLu,Sigmoid,0.9788,40.70644521713257
488,20,50,0.2,cross-entropy,one_hot,32,Xavier,ReLu,Sigmoid,0.9718,30.355885982513428
489,10,100,0.2,cross-entropy,one_hot,32,random,Sigmoid,Sigmoid,0.9451,31.98664116859436
490,10,50,0.2,cross-entropy,one_hot,32,random,Sigmoid,Sigmoid,0.9385,20.06672096252441
491,20,100,0.2,cross-entropy,one_hot,32,random,Sigmoid,Sigmoid,0.9523,55.04442000389099
492,20,50,0.2,cross-entropy,one_hot,32,random,Sigmoid,Sigmoid,0.9476,40.26418590545654
493,10,100,0.2,cross-entropy,one_hot,32,random,ReLu,Sigmoid,0.9482,21.165935039520264
494,10,50,0.2,cross-entropy,one_hot,32,random,ReLu,Sigmoid,0.9402,17.91231083869934
495,20,100,0.2,cross-entropy,one_hot,32,random,ReLu,Sigmoid,0.9569,46.8357150554657
496,20,50,0.2,cross-entropy,one_hot,32,random,ReLu,Sigmoid,0.9508,30.13817811012268
497,10,100,0.2,cross-entropy,one_hot,32,0,Sigmoid,Sigmoid,0.3571,25.098361015319824
498,10,50,0.2,cross-entropy,one_hot,32,0,Sigmoid,Sigmoid,0.3687,16.34616494178772
499,20,100,0.2,cross-entropy,one_hot,32,0,Sigmoid,Sigmoid,0.3647,49.49686002731323
500,20,50,0.2,cross-entropy,one_hot,32,0,Sigmoid,Sigmoid,0.3584,41.65609908103943
501,10,100,0.2,cross-entropy,one_hot,32,0,ReLu,Sigmoid,0.1135,184.8970878124237
502,10,50,0.2,cross-entropy,one_hot,32,0,ReLu,Sigmoid,0.1135,17.446523189544678
503,20,100,0.2,cross-entropy,one_hot,32,0,ReLu,Sigmoid,0.1135,58.190990924835205
504,20,50,0.2,cross-entropy,one_hot,32,0,ReLu,Sigmoid,0.1135,33.01884698867798
505,10,100,0.2,cross-entropy,binary,32,Xavier,Sigmoid,Sigmoid,0.9726,35.05925512313843
506,10,50,0.2,cross-entropy,binary,32,Xavier,Sigmoid,Sigmoid,0.9653,36.667036294937134
507,20,100,0.2,cross-entropy,binary,32,Xavier,Sigmoid,Sigmoid,0.975,72.28895115852356
508,20,50,0.2,cross-entropy,binary,32,Xavier,Sigmoid,Sigmoid,0.9708,64.07644295692444
509,10,100,0.2,cross-entropy,binary,32,Xavier,ReLu,Sigmoid,0.9804,49.746636152267456
510,10,50,0.2,cross-entropy,binary,32,Xavier,ReLu,Sigmoid,0.9702,32.11403799057007
511,20,100,0.2,cross-entropy,binary,32,Xavier,ReLu,Sigmoid,0.9801,74.50269389152527
512,20,50,0.2,cross-entropy,binary,32,Xavier,ReLu,Sigmoid,0.9733,48.52309513092041
513,10,100,0.2,cross-entropy,binary,32,random,Sigmoid,Sigmoid,0.9455,36.844099044799805
514,10,50,0.2,cross-entropy,binary,32,random,Sigmoid,Sigmoid,0.9346,27.279566764831543
515,20,100,0.2,cross-entropy,binary,32,random,Sigmoid,Sigmoid,0.955,61.45513892173767
516,20,50,0.2,cross-entropy,binary,32,random,Sigmoid,Sigmoid,0.9487,54.43922162055969
517,10,100,0.2,cross-entropy,binary,32,random,ReLu,Sigmoid,0.9442,37.73982501029968
518,10,50,0.2,cross-entropy,binary,32,random,ReLu,Sigmoid,0.9376,30.126340866088867
519,20,100,0.2,cross-entropy,binary,32,random,ReLu,Sigmoid,0.9558,72.11577415466309
520,20,50,0.2,cross-entropy,binary,32,random,ReLu,Sigmoid,0.9512,57.19061613082886
521,10,100,0.2,cross-entropy,binary,32,0,Sigmoid,Sigmoid,0.357,38.99682092666626
522,10,50,0.2,cross-entropy,binary,32,0,Sigmoid,Sigmoid,0.3631,26.21621823310852
523,20,100,0.2,cross-entropy,binary,32,0,Sigmoid,Sigmoid,0.3646,69.93236470222473
524,20,50,0.2,cross-entropy,binary,32,0,Sigmoid,Sigmoid,0.3769,36.81585311889648
525,10,100,0.2,cross-entropy,binary,32,0,ReLu,Sigmoid,0.1135,23.799553155899048
526,10,50,0.2,cross-entropy,binary,32,0,ReLu,Sigmoid,0.1135,16.17213201522827
527,20,100,0.2,cross-entropy,binary,32,0,ReLu,Sigmoid,0.1135,46.13706684112549
528,20,50,0.2,cross-entropy,binary,32,0,ReLu,Sigmoid,0.1135,38.8355131149292
529,10,100,0.2,quadratic,one_hot,32,Xavier,Sigmoid,Sigmoid,0.9391,21.995990991592407
530,10,50,0.2,quadratic,one_hot,32,Xavier,Sigmoid,Sigmoid,0.9394,16.91917395591736
531,20,100,0.2,quadratic,one_hot,32,Xavier,Sigmoid,Sigmoid,0.9533,45.182852029800415
532,20,50,0.2,quadratic,one_hot,32,Xavier,Sigmoid,Sigmoid,0.9482,36.66145992279053
533,10,100,0.2,quadratic,one_hot,32,Xavier,ReLu,Sigmoid,0.9709,22.5366268157959
534,10,50,0.2,quadratic,one_hot,32,Xavier,ReLu,Sigmoid,0.9659,16.639238834381104
535,20,100,0.2,quadratic,one_hot,32,Xavier,ReLu,Sigmoid,0.977,45.131272077560425
536,20,50,0.2,quadratic,one_hot,32,Xavier,ReLu,Sigmoid,0.971,29.857541799545288
537,10,100,0.2,quadratic,one_hot,32,random,Sigmoid,Sigmoid,0.6552,30.151893854141235
538,10,50,0.2,quadratic,one_hot,32,random,Sigmoid,Sigmoid,0.5963,16.085969924926758
539,20,100,0.2,quadratic,one_hot,32,random,Sigmoid,Sigmoid,0.6583,53.82729196548462
540,20,50,0.2,quadratic,one_hot,32,random,Sigmoid,Sigmoid,0.9012,31.64448881149292
541,10,100,0.2,quadratic,one_hot,32,random,ReLu,Sigmoid,0.2627,25.907965183258057
542,10,50,0.2,quadratic,one_hot,32,random,ReLu,Sigmoid,0.2518,15.161639928817747
543,20,100,0.2,quadratic,one_hot,32,random,ReLu,Sigmoid,0.5394,44.9264018535614
544,20,50,0.2,quadratic,one_hot,32,random,ReLu,Sigmoid,0.3321,29.657092094421387
545,10,100,0.2,quadratic,one_hot,32,0,Sigmoid,Sigmoid,0.251,25.61642408370972
546,10,50,0.2,quadratic,one_hot,32,0,Sigmoid,Sigmoid,0.2967,19.26493501663208
547,20,100,0.2,quadratic,one_hot,32,0,Sigmoid,Sigmoid,0.3406,44.5882260799408
548,20,50,0.2,quadratic,one_hot,32,0,Sigmoid,Sigmoid,0.3207,38.80992102622986
549,10,100,0.2,quadratic,one_hot,32,0,ReLu,Sigmoid,0.1135,23.6004958152771
550,10,50,0.2,quadratic,one_hot,32,0,ReLu,Sigmoid,0.1135,17.566409826278687
551,20,100,0.2,quadratic,one_hot,32,0,ReLu,Sigmoid,0.1135,61.36817479133606
552,20,50,0.2,quadratic,one_hot,32,0,ReLu,Sigmoid,0.1135,36.73971009254456
553,10,100,0.2,quadratic,binary,32,Xavier,Sigmoid,Sigmoid,0.9376,50.271190881729126
554,10,50,0.2,quadratic,binary,32,Xavier,Sigmoid,Sigmoid,0.9359,37.94789004325867
555,20,100,0.2,quadratic,binary,32,Xavier,Sigmoid,Sigmoid,0.9532,71.61853694915771
556,20,50,0.2,quadratic,binary,32,Xavier,Sigmoid,Sigmoid,0.9486,53.49995279312134
557,10,100,0.2,quadratic,binary,32,Xavier,ReLu,Sigmoid,0.9712,35.25379204750061
558,10,50,0.2,quadratic,binary,32,Xavier,ReLu,Sigmoid,0.9667,25.89081287384033
559,20,100,0.2,quadratic,binary,32,Xavier,ReLu,Sigmoid,0.9767,77.79317212104797
560,20,50,0.2,quadratic,binary,32,Xavier,ReLu,Sigmoid,0.9708,52.8830680847168
561,10,100,0.2,quadratic,binary,32,random,Sigmoid,Sigmoid,0.7083,39.31753587722778
562,10,50,0.2,quadratic,binary,32,random,Sigmoid,Sigmoid,0.795,30.61611604690552
563,20,100,0.2,quadratic,binary,32,random,Sigmoid,Sigmoid,0.6346,73.3746600151062
564,20,50,0.2,quadratic,binary,32,random,Sigmoid,Sigmoid,0.714,45.95736217498779
565,10,100,0.2,quadratic,binary,32,random,ReLu,Sigmoid,0.4258,37.61810493469238
566,10,50,0.2,quadratic,binary,32,random,ReLu,Sigmoid,0.271,28.099267959594727
567,20,100,0.2,quadratic,binary,32,random,ReLu,Sigmoid,0.4781,74.53700804710388
568,20,50,0.2,quadratic,binary,32,random,ReLu,Sigmoid,0.389,44.51983118057251
569,10,100,0.2,quadratic,binary,32,0,Sigmoid,Sigmoid,0.2405,42.01703500747681
570,10,50,0.2,quadratic,binary,32,0,Sigmoid,Sigmoid,0.2996,24.92668914794922
571,20,100,0.2,quadratic,binary,32,0,Sigmoid,Sigmoid,0.3358,74.83021593093872
572,20,50,0.2,quadratic,binary,32,0,Sigmoid,Sigmoid,0.3491,46.88639903068543
573,10,100,0.2,quadratic,binary,32,0,ReLu,Sigmoid,0.1135,29.33528304100037
574,10,50,0.2,quadratic,binary,32,0,ReLu,Sigmoid,0.1135,17.6271870136261
575,20,100,0.2,quadratic,binary,32,0,ReLu,Sigmoid,0.1135,55.98416686058045
576,20,50,0.2,quadratic,binary,32,0,ReLu,Sigmoid,0.1135,37.714945793151855
577,10,100,0.1,cross-entropy,one_hot,1,Xavier,Sigmoid,Sigmoid,0.9747,673.1903359889984
578,10,50,0.1,cross-entropy,one_hot,1,Xavier,Sigmoid,Sigmoid,0.9642,501.8962299823761
579,20,100,0.1,cross-entropy,one_hot,1,Xavier,Sigmoid,Sigmoid,0.9776,1336.3469123840332
580,20,50,0.1,cross-entropy,one_hot,1,Xavier,Sigmoid,Sigmoid,0.9697,1004.8103680610656
581,10,100,0.1,cross-entropy,one_hot,1,Xavier,ReLu,Sigmoid,0.8327,646.9530735015869
582,10,50,0.1,cross-entropy,one_hot,1,Xavier,ReLu,Sigmoid,0.6221,486.3447117805481
583,20,100,0.1,cross-entropy,one_hot,1,Xavier,ReLu,Sigmoid,0.7597,1295.874860048294
584,20,50,0.1,cross-entropy,one_hot,1,Xavier,ReLu,Sigmoid,0.5661,966.3338720798492
585,10,100,0.1,cross-entropy,one_hot,1,random,Sigmoid,Sigmoid,0.9708,663.0997869968414
586,10,50,0.1,cross-entropy,one_hot,1,random,Sigmoid,Sigmoid,0.9623,503.8455510139465
587,20,100,0.1,cross-entropy,one_hot,1,random,Sigmoid,Sigmoid,0.9697,1324.4673988819122
588,20,50,0.1,cross-entropy,one_hot,1,random,Sigmoid,Sigmoid,0.9612,1047.480755329132
589,10,100,0.1,cross-entropy,one_hot,1,random,ReLu,Sigmoid,0.578,645.007045507431
590,10,50,0.1,cross-entropy,one_hot,1,random,ReLu,Sigmoid,0.4378,483.787015914917
591,20,100,0.1,cross-entropy,one_hot,1,random,ReLu,Sigmoid,0.726,1297.2776715755465
592,20,50,0.1,cross-entropy,one_hot,1,random,ReLu,Sigmoid,0.5006,955.5586080551147
593,10,100,0.1,cross-entropy,one_hot,1,0,Sigmoid,Sigmoid,0.3015,654.7632875442505
594,10,50,0.1,cross-entropy,one_hot,1,0,Sigmoid,Sigmoid,0.4454,498.9476945400238
595,20,100,0.1,cross-entropy,one_hot,1,0,Sigmoid,Sigmoid,0.3149,1323.181226015091
596,20,50,0.1,cross-entropy,one_hot,1,0,Sigmoid,Sigmoid,0.5193,995.201607465744
597,10,100,0.1,cross-entropy,one_hot,1,0,ReLu,Sigmoid,0.101,641.4704623222351
598,10,50,0.1,cross-entropy,one_hot,1,0,ReLu,Sigmoid,0.1135,480.4583976268768
599,20,100,0.1,cross-entropy,one_hot,1,0,ReLu,Sigmoid,0.1032,1287.1023869514463
600,20,50,0.1,cross-entropy,one_hot,1,0,ReLu,Sigmoid,0.1135,959.5131442546844
601,10,100,0.1,cross-entropy,binary,1,Xavier,Sigmoid,Sigmoid,0.9761,663.1787452697754
602,10,50,0.1,cross-entropy,binary,1,Xavier,Sigmoid,Sigmoid,0.9665,490.2719929218292
603,20,100,0.1,cross-entropy,binary,1,Xavier,Sigmoid,Sigmoid,0.9775,1321.6181144714355
604,20,50,0.1,cross-entropy,binary,1,Xavier,Sigmoid,Sigmoid,0.9666,995.227977991104
605,10,100,0.1,cross-entropy,binary,1,Xavier,ReLu,Sigmoid,0.8262,643.2839632034302
606,10,50,0.1,cross-entropy,binary,1,Xavier,ReLu,Sigmoid,0.6703,484.0946204662323
607,20,100,0.1,cross-entropy,binary,1,Xavier,ReLu,Sigmoid,0.7998,1287.3279740810394
608,20,50,0.1,cross-entropy,binary,1,Xavier,ReLu,Sigmoid,0.4491,958.071566581726
609,10,100,0.1,cross-entropy,binary,1,random,Sigmoid,Sigmoid,0.9687,653.7402682304382
610,10,50,0.1,cross-entropy,binary,1,random,Sigmoid,Sigmoid,0.9554,498.39464592933655
611,20,100,0.1,cross-entropy,binary,1,random,Sigmoid,Sigmoid,0.9718,1315.8683364391327
612,20,50,0.1,cross-entropy,binary,1,random,Sigmoid,Sigmoid,0.9608,991.1151733398438
613,10,100,0.1,cross-entropy,binary,1,random,ReLu,Sigmoid,0.721,645.0027520656586
614,10,50,0.1,cross-entropy,binary,1,random,ReLu,Sigmoid,0.3575,481.9198522567749
615,20,100,0.1,cross-entropy,binary,1,random,ReLu,Sigmoid,0.5199,1282.6257259845734
616,20,50,0.1,cross-entropy,binary,1,random,ReLu,Sigmoid,0.6058,961.638516664505
617,10,100,0.1,cross-entropy,binary,1,0,Sigmoid,Sigmoid,0.3107,659.0574736595154
618,10,50,0.1,cross-entropy,binary,1,0,Sigmoid,Sigmoid,0.4646,493.3076844215393
619,20,100,0.1,cross-entropy,binary,1,0,Sigmoid,Sigmoid,0.3403,1316.7835264205933
620,20,50,0.1,cross-entropy,binary,1,0,Sigmoid,Sigmoid,0.4605,990.603653907776
621,10,100,0.1,cross-entropy,binary,1,0,ReLu,Sigmoid,0.098,641.7117159366608
622,10,50,0.1,cross-entropy,binary,1,0,ReLu,Sigmoid,0.1135,481.30289912223816
623,20,100,0.1,cross-entropy,binary,1,0,ReLu,Sigmoid,0.0958,1283.1709032058716
624,20,50,0.1,cross-entropy,binary,1,0,ReLu,Sigmoid,0.0958,960.66863155365
625,10,100,0.1,quadratic,one_hot,1,Xavier,Sigmoid,Sigmoid,0.9734,585.0995142459869
626,10,50,0.1,quadratic,one_hot,1,Xavier,Sigmoid,Sigmoid,0.9682,428.7402882575989
627,20,100,0.1,quadratic,one_hot,1,Xavier,Sigmoid,Sigmoid,0.9779,1194.354118347168
628,20,50,0.1,quadratic,one_hot,1,Xavier,Sigmoid,Sigmoid,0.9703,855.6821694374084
629,10,100,0.1,quadratic,one_hot,1,Xavier,ReLu,Sigmoid,0.9747,572.4639251232147
630,10,50,0.1,quadratic,one_hot,1,Xavier,ReLu,Sigmoid,0.9672,413.31019735336304
631,20,100,0.1,quadratic,one_hot,1,Xavier,ReLu,Sigmoid,0.9785,1144.368453025818
632,20,50,0.1,quadratic,one_hot,1,Xavier,ReLu,Sigmoid,0.9665,825.2738780975342
633,10,100,0.1,quadratic,one_hot,1,random,Sigmoid,Sigmoid,0.9514,589.691826581955
634,10,50,0.1,quadratic,one_hot,1,random,Sigmoid,Sigmoid,0.9458,428.18891167640686
635,20,100,0.1,quadratic,one_hot,1,random,Sigmoid,Sigmoid,0.8691,1173.6433684825895
