Number,Epoch, Hidden Neurons, Learning Rate, Loss Function, Data Encoding, Batch Size, Weights Init,Hidden Activation Function, Last Activation Function, Accuracy, Time
0, 10, 100, 0.1,cross-entropy,one_hot,256,Xavier,Sigmoid,Sigmoid,0.9161,12.589797019958496
1, 10, 50, 0.1,cross-entropy,one_hot,256,Xavier,Sigmoid,Sigmoid,0.917,7.505033016204834
2, 20, 100, 0.1,cross-entropy,one_hot,256,Xavier,Sigmoid,Sigmoid,0.9304,20.06783390045166
3, 20, 50, 0.1,cross-entropy,one_hot,256,Xavier,Sigmoid,Sigmoid,0.9304,15.111234188079834
4, 10, 100, 0.1,cross-entropy,one_hot,256,Xavier,ReLu,Sigmoid,0.9583,11.239012956619263
5, 10, 50, 0.1,cross-entropy,one_hot,256,Xavier,ReLu,Sigmoid,0.9553,7.680460214614868
6, 20, 100, 0.1,cross-entropy,one_hot,256,Xavier,ReLu,Sigmoid,0.9719,19.009837865829468
7, 20, 50, 0.1,cross-entropy,one_hot,256,Xavier,ReLu,Sigmoid,0.9637,17.18621802330017
8, 10, 100, 0.1,cross-entropy,one_hot,256,random,Sigmoid,Sigmoid,0.8665,11.528313159942627
9, 10, 50, 0.1,cross-entropy,one_hot,256,random,Sigmoid,Sigmoid,0.8354,9.06041669845581
10, 20, 100, 0.1,cross-entropy,one_hot,256,random,Sigmoid,Sigmoid,0.8935,28.46540093421936
11, 20, 50, 0.1,cross-entropy,one_hot,256,random,Sigmoid,Sigmoid,0.8768,16.36184597015381
12, 10, 100, 0.1,cross-entropy,one_hot,256,random,ReLu,Sigmoid,0.8997,9.56536602973938
13, 10, 50, 0.1,cross-entropy,one_hot,256,random,ReLu,Sigmoid,0.8758,7.062573194503784
14, 20, 100, 0.1,cross-entropy,one_hot,256,random,ReLu,Sigmoid,0.9161,19.32966685295105
15, 20, 50, 0.1,cross-entropy,one_hot,256,random,ReLu,Sigmoid,0.9,13.741643905639648
16, 10, 100, 0.1,cross-entropy,one_hot,256,0,Sigmoid,Sigmoid,0.1445,9.734534740447998
17, 10, 50, 0.1,cross-entropy,one_hot,256,0,Sigmoid,Sigmoid,0.1857,7.795377016067505
18, 20, 100, 0.1,cross-entropy,one_hot,256,0,Sigmoid,Sigmoid,0.3289,24.375909328460693
19, 20, 50, 0.1,cross-entropy,one_hot,256,0,Sigmoid,Sigmoid,0.322,16.317370176315308
20, 10, 100, 0.1,cross-entropy,one_hot,256,0,ReLu,Sigmoid,0.1135,11.401458978652954
21, 10, 50, 0.1,cross-entropy,one_hot,256,0,ReLu,Sigmoid,0.1135,7.915803909301758
22, 20, 100, 0.1,cross-entropy,one_hot,256,0,ReLu,Sigmoid,0.1135,19.666563987731934
23, 20, 50, 0.1,cross-entropy,one_hot,256,0,ReLu,Sigmoid,0.1135,15.305969715118408
24, 10, 100, 0.1,cross-entropy,binary,256,Xavier,Sigmoid,Sigmoid,0.9164,11.669468879699707
25, 10, 50, 0.1,cross-entropy,binary,256,Xavier,Sigmoid,Sigmoid,0.9172,8.94934606552124
26, 20, 100, 0.1,cross-entropy,binary,256,Xavier,Sigmoid,Sigmoid,0.9324,22.727421760559082
27, 20, 50, 0.1,cross-entropy,binary,256,Xavier,Sigmoid,Sigmoid,0.9314,16.419615983963013
28, 10, 100, 0.1,cross-entropy,binary,256,Xavier,ReLu,Sigmoid,0.9566,8.576822996139526
29, 10, 50, 0.1,cross-entropy,binary,256,Xavier,ReLu,Sigmoid,0.9527,7.127070903778076
30, 20, 100, 0.1,cross-entropy,binary,256,Xavier,ReLu,Sigmoid,0.9693,19.35787606239319
31, 20, 50, 0.1,cross-entropy,binary,256,Xavier,ReLu,Sigmoid,0.9664,15.096440076828003
32, 10, 100, 0.1,cross-entropy,binary,256,random,Sigmoid,Sigmoid,0.8646,17.42339777946472
33, 10, 50, 0.1,cross-entropy,binary,256,random,Sigmoid,Sigmoid,0.8422,11.55211091041565
34, 20, 100, 0.1,cross-entropy,binary,256,random,Sigmoid,Sigmoid,0.8975,35.95455884933472
35, 20, 50, 0.1,cross-entropy,binary,256,random,Sigmoid,Sigmoid,0.8744,15.858302116394043
36, 10, 100, 0.1,cross-entropy,binary,256,random,ReLu,Sigmoid,0.8992,20.04602599143982
37, 10, 50, 0.1,cross-entropy,binary,256,random,ReLu,Sigmoid,0.8639,13.401185035705566
38, 20, 100, 0.1,cross-entropy,binary,256,random,ReLu,Sigmoid,0.9145,38.46502089500427
39, 20, 50, 0.1,cross-entropy,binary,256,random,ReLu,Sigmoid,0.9009,25.369853019714355
40, 10, 100, 0.1,cross-entropy,binary,256,0,Sigmoid,Sigmoid,0.1629,19.36861300468445
41, 10, 50, 0.1,cross-entropy,binary,256,0,Sigmoid,Sigmoid,0.1777,20.307782888412476
42, 20, 100, 0.1,cross-entropy,binary,256,0,Sigmoid,Sigmoid,0.3353,41.372575998306274
43, 20, 50, 0.1,cross-entropy,binary,256,0,Sigmoid,Sigmoid,0.3538,30.691590309143066
44, 10, 100, 0.1,cross-entropy,binary,256,0,ReLu,Sigmoid,0.1135,23.558675050735474
45, 10, 50, 0.1,cross-entropy,binary,256,0,ReLu,Sigmoid,0.1135,410.10652899742126
46, 20, 100, 0.1,cross-entropy,binary,256,0,ReLu,Sigmoid,0.1135,31.653167009353638
47, 20, 50, 0.1,cross-entropy,binary,256,0,ReLu,Sigmoid,0.1135,13.781345129013062
48, 10, 100, 0.1,quadratic,one_hot,256,Xavier,Sigmoid,Sigmoid,0.865,13.11506199836731
49, 10, 50, 0.1,quadratic,one_hot,256,Xavier,Sigmoid,Sigmoid,0.8502,7.90923285484314
50, 20, 100, 0.1,quadratic,one_hot,256,Xavier,Sigmoid,Sigmoid,0.8913,22.359061002731323
51, 20, 50, 0.1,quadratic,one_hot,256,Xavier,Sigmoid,Sigmoid,0.888,16.15062403678894
52, 10, 100, 0.1,quadratic,one_hot,256,Xavier,ReLu,Sigmoid,0.9204,8.946953058242798
53, 10, 50, 0.1,quadratic,one_hot,256,Xavier,ReLu,Sigmoid,0.9167,6.36000919342041
54, 20, 100, 0.1,quadratic,one_hot,256,Xavier,ReLu,Sigmoid,0.9343,17.839531898498535
55, 20, 50, 0.1,quadratic,one_hot,256,Xavier,ReLu,Sigmoid,0.9285,13.871218204498291
56, 10, 100, 0.1,quadratic,one_hot,256,random,Sigmoid,Sigmoid,0.3633,12.304890155792236
57, 10, 50, 0.1,quadratic,one_hot,256,random,Sigmoid,Sigmoid,0.2842,7.521195888519287
58, 20, 100, 0.1,quadratic,one_hot,256,random,Sigmoid,Sigmoid,0.0975,22.74203395843506
59, 20, 50, 0.1,quadratic,one_hot,256,random,Sigmoid,Sigmoid,0.4794,17.43574285507202
60, 10, 100, 0.1,quadratic,one_hot,256,random,ReLu,Sigmoid,0.1552,8.493235111236572
61, 10, 50, 0.1,quadratic,one_hot,256,random,ReLu,Sigmoid,0.0912,7.1181559562683105
62, 20, 100, 0.1,quadratic,one_hot,256,random,ReLu,Sigmoid,0.2669,16.41381311416626
63, 20, 50, 0.1,quadratic,one_hot,256,random,ReLu,Sigmoid,0.2264,12.801353931427002
64, 10, 100, 0.1,quadratic,one_hot,256,0,Sigmoid,Sigmoid,0.1135,9.715005159378052
65, 10, 50, 0.1,quadratic,one_hot,256,0,Sigmoid,Sigmoid,0.1135,7.1013407707214355
66, 20, 100, 0.1,quadratic,one_hot,256,0,Sigmoid,Sigmoid,0.1135,19.65262007713318
67, 20, 50, 0.1,quadratic,one_hot,256,0,Sigmoid,Sigmoid,0.1135,24.211207151412964
68, 10, 100, 0.1,quadratic,one_hot,256,0,ReLu,Sigmoid,0.1135,14.478219032287598
69, 10, 50, 0.1,quadratic,one_hot,256,0,ReLu,Sigmoid,0.1135,10.012128114700317
70, 20, 100, 0.1,quadratic,one_hot,256,0,ReLu,Sigmoid,0.1135,25.00167489051819
71, 20, 50, 0.1,quadratic,one_hot,256,0,ReLu,Sigmoid,0.1135,20.690443992614746
72, 10, 100, 0.1,quadratic,binary,256,Xavier,Sigmoid,Sigmoid,0.8641,11.014814138412476
73, 10, 50, 0.1,quadratic,binary,256,Xavier,Sigmoid,Sigmoid,0.856,8.863460779190063
74, 20, 100, 0.1,quadratic,binary,256,Xavier,Sigmoid,Sigmoid,0.891,23.05936574935913
75, 20, 50, 0.1,quadratic,binary,256,Xavier,Sigmoid,Sigmoid,0.8895,15.848812103271484
76, 10, 100, 0.1,quadratic,binary,256,Xavier,ReLu,Sigmoid,0.9175,8.42432689666748
77, 10, 50, 0.1,quadratic,binary,256,Xavier,ReLu,Sigmoid,0.9174,7.1940531730651855
78, 20, 100, 0.1,quadratic,binary,256,Xavier,ReLu,Sigmoid,0.9365,17.287372827529907
79, 20, 50, 0.1,quadratic,binary,256,Xavier,ReLu,Sigmoid,0.9328,14.529223918914795
80, 10, 100, 0.1,quadratic,binary,256,random,Sigmoid,Sigmoid,0.4241,11.437173843383789
81, 10, 50, 0.1,quadratic,binary,256,random,Sigmoid,Sigmoid,0.2794,10.472961187362671
82, 20, 100, 0.1,quadratic,binary,256,random,Sigmoid,Sigmoid,0.0993,22.798957109451294
83, 20, 50, 0.1,quadratic,binary,256,random,Sigmoid,Sigmoid,0.4399,15.782768964767456
84, 10, 100, 0.1,quadratic,binary,256,random,ReLu,Sigmoid,0.2936,9.229229927062988
85, 10, 50, 0.1,quadratic,binary,256,random,ReLu,Sigmoid,0.1923,6.692456960678101
86, 20, 100, 0.1,quadratic,binary,256,random,ReLu,Sigmoid,0.3195,19.251314878463745
87, 20, 50, 0.1,quadratic,binary,256,random,ReLu,Sigmoid,0.4322,16.57386016845703
88, 10, 100, 0.1,quadratic,binary,256,0,Sigmoid,Sigmoid,0.1135,127.18745994567871
89, 10, 50, 0.1,quadratic,binary,256,0,Sigmoid,Sigmoid,0.1135,7.908957004547119
90, 20, 100, 0.1,quadratic,binary,256,0,Sigmoid,Sigmoid,0.1135,20.549896955490112
91, 20, 50, 0.1,quadratic,binary,256,0,Sigmoid,Sigmoid,0.1135,13.782251834869385
92, 10, 100, 0.1,quadratic,binary,256,0,ReLu,Sigmoid,0.1135,8.283003807067871
93, 10, 50, 0.1,quadratic,binary,256,0,ReLu,Sigmoid,0.1135,6.36076807975769
94, 20, 100, 0.1,quadratic,binary,256,0,ReLu,Sigmoid,0.1135,16.359413146972656
95, 20, 50, 0.1,quadratic,binary,256,0,ReLu,Sigmoid,0.1135,12.219093799591064
96, 10, 100, 0.2,cross-entropy,one_hot,256,Xavier,Sigmoid,Sigmoid,0.9313,10.839117050170898
97, 10, 50, 0.2,cross-entropy,one_hot,256,Xavier,Sigmoid,Sigmoid,0.9322,7.9272730350494385
98, 20, 100, 0.2,cross-entropy,one_hot,256,Xavier,Sigmoid,Sigmoid,0.9495,20.831045150756836
99, 20, 50, 0.2,cross-entropy,one_hot,256,Xavier,Sigmoid,Sigmoid,0.9476,15.365065097808838
100, 10, 100, 0.2,cross-entropy,one_hot,256,Xavier,ReLu,Sigmoid,0.9682,9.142489194869995
101, 10, 50, 0.2,cross-entropy,one_hot,256,Xavier,ReLu,Sigmoid,0.9608,7.607508897781372
102, 20, 100, 0.2,cross-entropy,one_hot,256,Xavier,ReLu,Sigmoid,0.9734,18.90389108657837
103, 20, 50, 0.2,cross-entropy,one_hot,256,Xavier,ReLu,Sigmoid,0.9689,12.307541608810425
104, 10, 100, 0.2,cross-entropy,one_hot,256,random,Sigmoid,Sigmoid,0.8942,10.107238054275513
105, 10, 50, 0.2,cross-entropy,one_hot,256,random,Sigmoid,Sigmoid,0.8786,7.285077095031738
106, 20, 100, 0.2,cross-entropy,one_hot,256,random,Sigmoid,Sigmoid,0.9165,20.597637176513672
107, 20, 50, 0.2,cross-entropy,one_hot,256,random,Sigmoid,Sigmoid,0.9056,14.712883949279785
108, 10, 100, 0.2,cross-entropy,one_hot,256,random,ReLu,Sigmoid,0.9135,8.06783413887024
109, 10, 50, 0.2,cross-entropy,one_hot,256,random,ReLu,Sigmoid,0.888,6.445921897888184
110, 20, 100, 0.2,cross-entropy,one_hot,256,random,ReLu,Sigmoid,0.9317,16.085075855255127
111, 20, 50, 0.2,cross-entropy,one_hot,256,random,ReLu,Sigmoid,0.9196,12.793779850006104
112, 10, 100, 0.2,cross-entropy,one_hot,256,0,Sigmoid,Sigmoid,0.3285,9.50049901008606
113, 10, 50, 0.2,cross-entropy,one_hot,256,0,Sigmoid,Sigmoid,0.3332,7.067997217178345
114, 20, 100, 0.2,cross-entropy,one_hot,256,0,Sigmoid,Sigmoid,0.3606,18.683752298355103
115, 20, 50, 0.2,cross-entropy,one_hot,256,0,Sigmoid,Sigmoid,0.3433,13.309523105621338
116, 10, 100, 0.2,cross-entropy,one_hot,256,0,ReLu,Sigmoid,0.1135,8.469292879104614
117, 10, 50, 0.2,cross-entropy,one_hot,256,0,ReLu,Sigmoid,0.1135,7.145709037780762
118, 20, 100, 0.2,cross-entropy,one_hot,256,0,ReLu,Sigmoid,0.1135,15.887434959411621
119, 20, 50, 0.2,cross-entropy,one_hot,256,0,ReLu,Sigmoid,0.1135,12.117001056671143
120, 10, 100, 0.2,cross-entropy,binary,256,Xavier,Sigmoid,Sigmoid,0.9325,10.353102922439575
121, 10, 50, 0.2,cross-entropy,binary,256,Xavier,Sigmoid,Sigmoid,0.9286,7.397310972213745
122, 20, 100, 0.2,cross-entropy,binary,256,Xavier,Sigmoid,Sigmoid,0.9482,19.96694803237915
123, 20, 50, 0.2,cross-entropy,binary,256,Xavier,Sigmoid,Sigmoid,0.9454,14.258299827575684
124, 10, 100, 0.2,cross-entropy,binary,256,Xavier,ReLu,Sigmoid,0.9695,8.120848178863525
125, 10, 50, 0.2,cross-entropy,binary,256,Xavier,ReLu,Sigmoid,0.9629,6.492901086807251
126, 20, 100, 0.2,cross-entropy,binary,256,Xavier,ReLu,Sigmoid,0.9738,17.13469099998474
127, 20, 50, 0.2,cross-entropy,binary,256,Xavier,ReLu,Sigmoid,0.9698,12.220625877380371
128, 10, 100, 0.2,cross-entropy,binary,256,random,Sigmoid,Sigmoid,0.8997,12.654986143112183
129, 10, 50, 0.2,cross-entropy,binary,256,random,Sigmoid,Sigmoid,0.8741,7.301090717315674
130, 20, 100, 0.2,cross-entropy,binary,256,random,Sigmoid,Sigmoid,0.9178,21.434848070144653
131, 20, 50, 0.2,cross-entropy,binary,256,random,Sigmoid,Sigmoid,0.9043,14.717257976531982
132, 10, 100, 0.2,cross-entropy,binary,256,random,ReLu,Sigmoid,0.917,8.569209098815918
133, 10, 50, 0.2,cross-entropy,binary,256,random,ReLu,Sigmoid,0.8952,6.396929979324341
134, 20, 100, 0.2,cross-entropy,binary,256,random,ReLu,Sigmoid,0.9304,16.98320984840393
135, 20, 50, 0.2,cross-entropy,binary,256,random,ReLu,Sigmoid,0.9188,12.2344651222229
136, 10, 100, 0.2,cross-entropy,binary,256,0,Sigmoid,Sigmoid,0.3318,10.028010129928589
137, 10, 50, 0.2,cross-entropy,binary,256,0,Sigmoid,Sigmoid,0.3304,7.410205125808716
138, 20, 100, 0.2,cross-entropy,binary,256,0,Sigmoid,Sigmoid,0.3503,495.7335660457611
139, 20, 50, 0.2,cross-entropy,binary,256,0,Sigmoid,Sigmoid,0.3474,12.577616930007935
140, 10, 100, 0.2,cross-entropy,binary,256,0,ReLu,Sigmoid,0.1135,7.998040199279785
141, 10, 50, 0.2,cross-entropy,binary,256,0,ReLu,Sigmoid,0.1135,6.090394973754883
142, 20, 100, 0.2,cross-entropy,binary,256,0,ReLu,Sigmoid,0.1135,954.0394620895386
143, 20, 50, 0.2,cross-entropy,binary,256,0,ReLu,Sigmoid,0.1135,10.251353979110718
144, 10, 100, 0.2,quadratic,one_hot,256,Xavier,Sigmoid,Sigmoid,0.8917,8.896224975585938
145, 10, 50, 0.2,quadratic,one_hot,256,Xavier,Sigmoid,Sigmoid,0.8924,14.115427017211914
146, 20, 100, 0.2,quadratic,one_hot,256,Xavier,Sigmoid,Sigmoid,0.9078,21.082242012023926
147, 20, 50, 0.2,quadratic,one_hot,256,Xavier,Sigmoid,Sigmoid,0.9074,14.529754877090454
148, 10, 100, 0.2,quadratic,one_hot,256,Xavier,ReLu,Sigmoid,0.932,8.154088973999023
149, 10, 50, 0.2,quadratic,one_hot,256,Xavier,ReLu,Sigmoid,0.93,6.40277886390686
150, 20, 100, 0.2,quadratic,one_hot,256,Xavier,ReLu,Sigmoid,0.9499,18.5084810256958
151, 20, 50, 0.2,quadratic,one_hot,256,Xavier,ReLu,Sigmoid,0.9407,13.708537101745605
152, 10, 100, 0.2,quadratic,one_hot,256,random,Sigmoid,Sigmoid,0.5755,11.489686965942383
153, 10, 50, 0.2,quadratic,one_hot,256,random,Sigmoid,Sigmoid,0.4927,7.731173038482666
154, 20, 100, 0.2,quadratic,one_hot,256,random,Sigmoid,Sigmoid,0.3974,23.860463857650757
155, 20, 50, 0.2,quadratic,one_hot,256,random,Sigmoid,Sigmoid,0.4392,15.764111042022705
156, 10, 100, 0.2,quadratic,one_hot,256,random,ReLu,Sigmoid,0.3056,8.715853214263916
157, 10, 50, 0.2,quadratic,one_hot,256,random,ReLu,Sigmoid,0.1723,7.470800161361694
158, 20, 100, 0.2,quadratic,one_hot,256,random,ReLu,Sigmoid,0.2253,21.12352418899536
159, 20, 50, 0.2,quadratic,one_hot,256,random,ReLu,Sigmoid,0.2039,15.027036190032959
160, 10, 100, 0.2,quadratic,one_hot,256,0,Sigmoid,Sigmoid,0.1135,10.955035924911499
161, 10, 50, 0.2,quadratic,one_hot,256,0,Sigmoid,Sigmoid,0.1135,7.240585088729858
162, 20, 100, 0.2,quadratic,one_hot,256,0,Sigmoid,Sigmoid,0.1135,20.143462896347046
163, 20, 50, 0.2,quadratic,one_hot,256,0,Sigmoid,Sigmoid,0.1135,15.30114197731018
164, 10, 100, 0.2,quadratic,one_hot,256,0,ReLu,Sigmoid,0.1135,9.486986875534058
165, 10, 50, 0.2,quadratic,one_hot,256,0,ReLu,Sigmoid,0.1135,6.917062044143677
166, 20, 100, 0.2,quadratic,one_hot,256,0,ReLu,Sigmoid,0.1135,22.16319513320923
167, 20, 50, 0.2,quadratic,one_hot,256,0,ReLu,Sigmoid,0.1135,13.941503286361694
168, 10, 100, 0.2,quadratic,binary,256,Xavier,Sigmoid,Sigmoid,0.894,11.184720277786255
169, 10, 50, 0.2,quadratic,binary,256,Xavier,Sigmoid,Sigmoid,0.8919,7.809334993362427
170, 20, 100, 0.2,quadratic,binary,256,Xavier,Sigmoid,Sigmoid,0.9083,21.948230981826782
171, 20, 50, 0.2,quadratic,binary,256,Xavier,Sigmoid,Sigmoid,0.9091,16.750931978225708
172, 10, 100, 0.2,quadratic,binary,256,Xavier,ReLu,Sigmoid,0.9319,9.395267009735107
173, 10, 50, 0.2,quadratic,binary,256,Xavier,ReLu,Sigmoid,0.9307,7.383347034454346
174, 20, 100, 0.2,quadratic,binary,256,Xavier,ReLu,Sigmoid,0.9508,21.514765977859497
175, 20, 50, 0.2,quadratic,binary,256,Xavier,ReLu,Sigmoid,0.9435,16.70005989074707
176, 10, 100, 0.2,quadratic,binary,256,random,Sigmoid,Sigmoid,0.379,13.652113914489746
177, 10, 50, 0.2,quadratic,binary,256,random,Sigmoid,Sigmoid,0.4245,8.692141056060791
178, 20, 100, 0.2,quadratic,binary,256,random,Sigmoid,Sigmoid,0.4673,21.642985820770264
179, 20, 50, 0.2,quadratic,binary,256,random,Sigmoid,Sigmoid,0.5503,17.139475107192993
180, 10, 100, 0.2,quadratic,binary,256,random,ReLu,Sigmoid,0.181,9.09645700454712
181, 10, 50, 0.2,quadratic,binary,256,random,ReLu,Sigmoid,0.2158,7.589073896408081
182, 20, 100, 0.2,quadratic,binary,256,random,ReLu,Sigmoid,0.3147,18.70645308494568
183, 20, 50, 0.2,quadratic,binary,256,random,ReLu,Sigmoid,0.144,16.642348051071167
184, 10, 100, 0.2,quadratic,binary,256,0,Sigmoid,Sigmoid,0.1135,10.305125713348389
185, 10, 50, 0.2,quadratic,binary,256,0,Sigmoid,Sigmoid,0.1135,8.82556676864624
186, 20, 100, 0.2,quadratic,binary,256,0,Sigmoid,Sigmoid,0.1135,20.390034914016724
187, 20, 50, 0.2,quadratic,binary,256,0,Sigmoid,Sigmoid,0.1135,17.146878004074097
188, 10, 100, 0.2,quadratic,binary,256,0,ReLu,Sigmoid,0.1135,9.252211332321167
189, 10, 50, 0.2,quadratic,binary,256,0,ReLu,Sigmoid,0.1135,6.653034925460815
190, 20, 100, 0.2,quadratic,binary,256,0,ReLu,Sigmoid,0.1135,17.533023834228516
191, 20, 50, 0.2,quadratic,binary,256,0,ReLu,Sigmoid,0.1135,13.986975908279419
192, 10, 100, 0.1,cross-entropy,one_hot,60000,Xavier,Sigmoid,Sigmoid,0.3483,11.43609619140625
193, 10, 50, 0.1,cross-entropy,one_hot,60000,Xavier,Sigmoid,Sigmoid,0.2777,7.768718957901001
194, 20, 100, 0.1,cross-entropy,one_hot,60000,Xavier,Sigmoid,Sigmoid,0.5527,22.48455786705017
195, 20, 50, 0.1,cross-entropy,one_hot,60000,Xavier,Sigmoid,Sigmoid,0.5542,15.09402871131897
196, 10, 100, 0.1,cross-entropy,one_hot,60000,Xavier,ReLu,Sigmoid,0.657,8.03737998008728
197, 10, 50, 0.1,cross-entropy,one_hot,60000,Xavier,ReLu,Sigmoid,0.5141,7.004085063934326
198, 20, 100, 0.1,cross-entropy,one_hot,60000,Xavier,ReLu,Sigmoid,0.7582,15.566765785217285
199, 20, 50, 0.1,cross-entropy,one_hot,60000,Xavier,ReLu,Sigmoid,0.7287,12.153417825698853
200, 10, 100, 0.1,cross-entropy,one_hot,60000,random,Sigmoid,Sigmoid,0.1424,10.179342985153198
201, 10, 50, 0.1,cross-entropy,one_hot,60000,random,Sigmoid,Sigmoid,0.1539,7.562355995178223
202, 20, 100, 0.1,cross-entropy,one_hot,60000,random,Sigmoid,Sigmoid,0.1835,430.50435090065
203, 20, 50, 0.1,cross-entropy,one_hot,60000,random,Sigmoid,Sigmoid,0.1224,17.18116593360901
204, 10, 100, 0.1,cross-entropy,one_hot,60000,random,ReLu,Sigmoid,0.4447,8.405564785003662
205, 10, 50, 0.1,cross-entropy,one_hot,60000,random,ReLu,Sigmoid,0.3343,6.810800075531006
206, 20, 100, 0.1,cross-entropy,one_hot,60000,random,ReLu,Sigmoid,0.6001,16.27471113204956
207, 20, 50, 0.1,cross-entropy,one_hot,60000,random,ReLu,Sigmoid,0.4864,16.94734525680542
208, 10, 100, 0.1,cross-entropy,one_hot,60000,0,Sigmoid,Sigmoid,0.1135,11.940595149993896
209, 10, 50, 0.1,cross-entropy,one_hot,60000,0,Sigmoid,Sigmoid,0.1135,7.086416959762573
210, 20, 100, 0.1,cross-entropy,one_hot,60000,0,Sigmoid,Sigmoid,0.1135,17.888425827026367
211, 20, 50, 0.1,cross-entropy,one_hot,60000,0,Sigmoid,Sigmoid,0.1135,13.153089046478271
212, 10, 100, 0.1,cross-entropy,one_hot,60000,0,ReLu,Sigmoid,0.1135,8.037068843841553
213, 10, 50, 0.1,cross-entropy,one_hot,60000,0,ReLu,Sigmoid,0.1135,6.379180669784546
214, 20, 100, 0.1,cross-entropy,one_hot,60000,0,ReLu,Sigmoid,0.1135,15.653347253799438
215, 20, 50, 0.1,cross-entropy,one_hot,60000,0,ReLu,Sigmoid,0.1135,11.876946926116943
216, 10, 100, 0.1,cross-entropy,binary,60000,Xavier,Sigmoid,Sigmoid,0.382,10.13638973236084
217, 10, 50, 0.1,cross-entropy,binary,60000,Xavier,Sigmoid,Sigmoid,0.2907,7.968962907791138
218, 20, 100, 0.1,cross-entropy,binary,60000,Xavier,Sigmoid,Sigmoid,0.5404,20.087725162506104
219, 20, 50, 0.1,cross-entropy,binary,60000,Xavier,Sigmoid,Sigmoid,0.4997,14.091193199157715
220, 10, 100, 0.1,cross-entropy,binary,60000,Xavier,ReLu,Sigmoid,0.6688,7.946537971496582
221, 10, 50, 0.1,cross-entropy,binary,60000,Xavier,ReLu,Sigmoid,0.5818,6.4288341999053955
222, 20, 100, 0.1,cross-entropy,binary,60000,Xavier,ReLu,Sigmoid,0.7858,15.509468078613281
223, 20, 50, 0.1,cross-entropy,binary,60000,Xavier,ReLu,Sigmoid,0.7017,12.241186141967773
224, 10, 100, 0.1,cross-entropy,binary,60000,random,Sigmoid,Sigmoid,0.102,10.039162874221802
225, 10, 50, 0.1,cross-entropy,binary,60000,random,Sigmoid,Sigmoid,0.1181,7.406369924545288
226, 20, 100, 0.1,cross-entropy,binary,60000,random,Sigmoid,Sigmoid,0.1945,19.683345079421997
227, 20, 50, 0.1,cross-entropy,binary,60000,random,Sigmoid,Sigmoid,0.1463,14.811202049255371
228, 10, 100, 0.1,cross-entropy,binary,60000,random,ReLu,Sigmoid,0.4509,8.183503150939941
229, 10, 50, 0.1,cross-entropy,binary,60000,random,ReLu,Sigmoid,0.385,6.765305042266846
230, 20, 100, 0.1,cross-entropy,binary,60000,random,ReLu,Sigmoid,0.5909,15.914061784744263
231, 20, 50, 0.1,cross-entropy,binary,60000,random,ReLu,Sigmoid,0.4974,12.911887884140015
232, 10, 100, 0.1,cross-entropy,binary,60000,0,Sigmoid,Sigmoid,0.1135,10.435718059539795
233, 10, 50, 0.1,cross-entropy,binary,60000,0,Sigmoid,Sigmoid,0.1135,7.166666030883789
234, 20, 100, 0.1,cross-entropy,binary,60000,0,Sigmoid,Sigmoid,0.1135,20.543841123580933
235, 20, 50, 0.1,cross-entropy,binary,60000,0,Sigmoid,Sigmoid,0.1135,15.95937204360962
236, 10, 100, 0.1,cross-entropy,binary,60000,0,ReLu,Sigmoid,0.1135,10.003071308135986
237, 10, 50, 0.1,cross-entropy,binary,60000,0,ReLu,Sigmoid,0.1135,7.330250024795532
238, 20, 100, 0.1,cross-entropy,binary,60000,0,ReLu,Sigmoid,0.1135,17.256038188934326
239, 20, 50, 0.1,cross-entropy,binary,60000,0,ReLu,Sigmoid,0.1135,12.989033937454224
240, 10, 100, 0.1,quadratic,one_hot,60000,Xavier,Sigmoid,Sigmoid,0.106,10.315399885177612
241, 10, 50, 0.1,quadratic,one_hot,60000,Xavier,Sigmoid,Sigmoid,0.0955,7.830160140991211
242, 20, 100, 0.1,quadratic,one_hot,60000,Xavier,Sigmoid,Sigmoid,0.1777,22.260226011276245
243, 20, 50, 0.1,quadratic,one_hot,60000,Xavier,Sigmoid,Sigmoid,0.155,13.319133281707764
244, 10, 100, 0.1,quadratic,one_hot,60000,Xavier,ReLu,Sigmoid,0.2608,7.889611005783081
245, 10, 50, 0.1,quadratic,one_hot,60000,Xavier,ReLu,Sigmoid,0.172,5.783689022064209
246, 20, 100, 0.1,quadratic,one_hot,60000,Xavier,ReLu,Sigmoid,0.348,16.240181922912598
247, 20, 50, 0.1,quadratic,one_hot,60000,Xavier,ReLu,Sigmoid,0.2243,12.021023988723755
248, 10, 100, 0.1,quadratic,one_hot,60000,random,Sigmoid,Sigmoid,0.104,9.858137130737305
249, 10, 50, 0.1,quadratic,one_hot,60000,random,Sigmoid,Sigmoid,0.0864,6.879743814468384
250, 20, 100, 0.1,quadratic,one_hot,60000,random,Sigmoid,Sigmoid,0.0997,19.000191926956177
251, 20, 50, 0.1,quadratic,one_hot,60000,random,Sigmoid,Sigmoid,0.1069,14.358276844024658
252, 10, 100, 0.1,quadratic,one_hot,60000,random,ReLu,Sigmoid,0.0874,7.558394193649292
253, 10, 50, 0.1,quadratic,one_hot,60000,random,ReLu,Sigmoid,0.0942,5.968276023864746
254, 20, 100, 0.1,quadratic,one_hot,60000,random,ReLu,Sigmoid,0.1258,15.014219045639038
255, 20, 50, 0.1,quadratic,one_hot,60000,random,ReLu,Sigmoid,0.1097,11.82520866394043
256, 10, 100, 0.1,quadratic,one_hot,60000,0,Sigmoid,Sigmoid,0.1135,9.07484483718872
257, 10, 50, 0.1,quadratic,one_hot,60000,0,Sigmoid,Sigmoid,0.1135,7.677484750747681
258, 20, 100, 0.1,quadratic,one_hot,60000,0,Sigmoid,Sigmoid,0.1135,17.626922130584717
259, 20, 50, 0.1,quadratic,one_hot,60000,0,Sigmoid,Sigmoid,0.1135,12.526014804840088
260, 10, 100, 0.1,quadratic,one_hot,60000,0,ReLu,Sigmoid,0.1135,7.535514831542969
261, 10, 50, 0.1,quadratic,one_hot,60000,0,ReLu,Sigmoid,0.1135,5.848965883255005
262, 20, 100, 0.1,quadratic,one_hot,60000,0,ReLu,Sigmoid,0.1135,15.327309131622314
263, 20, 50, 0.1,quadratic,one_hot,60000,0,ReLu,Sigmoid,0.1135,11.606932878494263
264, 10, 100, 0.1,quadratic,binary,60000,Xavier,Sigmoid,Sigmoid,0.0983,9.769838094711304
265, 10, 50, 0.1,quadratic,binary,60000,Xavier,Sigmoid,Sigmoid,0.1207,7.350172996520996
266, 20, 100, 0.1,quadratic,binary,60000,Xavier,Sigmoid,Sigmoid,0.2563,19.108121871948242
267, 20, 50, 0.1,quadratic,binary,60000,Xavier,Sigmoid,Sigmoid,0.1459,13.36191201210022
268, 10, 100, 0.1,quadratic,binary,60000,Xavier,ReLu,Sigmoid,0.2776,8.266804933547974
269, 10, 50, 0.1,quadratic,binary,60000,Xavier,ReLu,Sigmoid,0.1695,6.566853761672974
270, 20, 100, 0.1,quadratic,binary,60000,Xavier,ReLu,Sigmoid,0.272,15.73097014427185
271, 20, 50, 0.1,quadratic,binary,60000,Xavier,ReLu,Sigmoid,0.3105,13.930824041366577
272, 10, 100, 0.1,quadratic,binary,60000,random,Sigmoid,Sigmoid,0.1508,11.898084163665771
273, 10, 50, 0.1,quadratic,binary,60000,random,Sigmoid,Sigmoid,0.0958,8.840381860733032
274, 20, 100, 0.1,quadratic,binary,60000,random,Sigmoid,Sigmoid,0.1459,26.722893953323364
275, 20, 50, 0.1,quadratic,binary,60000,random,Sigmoid,Sigmoid,0.1057,17.368746042251587
276, 10, 100, 0.1,quadratic,binary,60000,random,ReLu,Sigmoid,0.1152,9.666226148605347
277, 10, 50, 0.1,quadratic,binary,60000,random,ReLu,Sigmoid,0.1245,7.524930715560913
278, 20, 100, 0.1,quadratic,binary,60000,random,ReLu,Sigmoid,0.0946,19.77889394760132
279, 20, 50, 0.1,quadratic,binary,60000,random,ReLu,Sigmoid,0.139,11.618606805801392
280, 10, 100, 0.1,quadratic,binary,60000,0,Sigmoid,Sigmoid,0.1135,9.688306093215942
281, 10, 50, 0.1,quadratic,binary,60000,0,Sigmoid,Sigmoid,0.1135,6.786575078964233
282, 20, 100, 0.1,quadratic,binary,60000,0,Sigmoid,Sigmoid,0.1135,18.37481999397278
283, 20, 50, 0.1,quadratic,binary,60000,0,Sigmoid,Sigmoid,0.1135,13.216175079345703
284, 10, 100, 0.1,quadratic,binary,60000,0,ReLu,Sigmoid,0.1135,7.78091025352478
285, 10, 50, 0.1,quadratic,binary,60000,0,ReLu,Sigmoid,0.1135,6.125396966934204
286, 20, 100, 0.1,quadratic,binary,60000,0,ReLu,Sigmoid,0.1135,15.147322177886963
287, 20, 50, 0.1,quadratic,binary,60000,0,ReLu,Sigmoid,0.1135,11.54889702796936
288, 10, 100, 0.2,cross-entropy,one_hot,60000,Xavier,Sigmoid,Sigmoid,0.5452,9.723427057266235
289, 10, 50, 0.2,cross-entropy,one_hot,60000,Xavier,Sigmoid,Sigmoid,0.5094,6.933948755264282
290, 20, 100, 0.2,cross-entropy,one_hot,60000,Xavier,Sigmoid,Sigmoid,0.6744,19.308423042297363
291, 20, 50, 0.2,cross-entropy,one_hot,60000,Xavier,Sigmoid,Sigmoid,0.6454,13.885069847106934
292, 10, 100, 0.2,cross-entropy,one_hot,60000,Xavier,ReLu,Sigmoid,0.7455,7.785076856613159
293, 10, 50, 0.2,cross-entropy,one_hot,60000,Xavier,ReLu,Sigmoid,0.7644,6.233296155929565
294, 20, 100, 0.2,cross-entropy,one_hot,60000,Xavier,ReLu,Sigmoid,0.8215,15.169647932052612
295, 20, 50, 0.2,cross-entropy,one_hot,60000,Xavier,ReLu,Sigmoid,0.8182,11.810002088546753
296, 10, 100, 0.2,cross-entropy,one_hot,60000,random,Sigmoid,Sigmoid,0.1774,9.863208055496216
297, 10, 50, 0.2,cross-entropy,one_hot,60000,random,Sigmoid,Sigmoid,0.136,7.022028923034668
298, 20, 100, 0.2,cross-entropy,one_hot,60000,random,Sigmoid,Sigmoid,0.1822,19.750960111618042
299, 20, 50, 0.2,cross-entropy,one_hot,60000,random,Sigmoid,Sigmoid,0.2058,14.915504932403564
300, 10, 100, 0.2,cross-entropy,one_hot,60000,random,ReLu,Sigmoid,0.5752,8.630800008773804
301, 10, 50, 0.2,cross-entropy,one_hot,60000,random,ReLu,Sigmoid,0.4347,6.531813144683838
302, 20, 100, 0.2,cross-entropy,one_hot,60000,random,ReLu,Sigmoid,0.6826,15.23362398147583
303, 20, 50, 0.2,cross-entropy,one_hot,60000,random,ReLu,Sigmoid,0.6334,11.899422883987427
304, 10, 100, 0.2,cross-entropy,one_hot,60000,0,Sigmoid,Sigmoid,0.1135,9.294370889663696
305, 10, 50, 0.2,cross-entropy,one_hot,60000,0,Sigmoid,Sigmoid,0.1135,7.266175985336304
306, 20, 100, 0.2,cross-entropy,one_hot,60000,0,Sigmoid,Sigmoid,0.1135,18.488284826278687
307, 20, 50, 0.2,cross-entropy,one_hot,60000,0,Sigmoid,Sigmoid,0.1135,13.166770935058594
308, 10, 100, 0.2,cross-entropy,one_hot,60000,0,ReLu,Sigmoid,0.1135,7.782310247421265
309, 10, 50, 0.2,cross-entropy,one_hot,60000,0,ReLu,Sigmoid,0.1135,6.054038047790527
310, 20, 100, 0.2,cross-entropy,one_hot,60000,0,ReLu,Sigmoid,0.1135,15.269901990890503
311, 20, 50, 0.2,cross-entropy,one_hot,60000,0,ReLu,Sigmoid,0.1135,11.669233083724976
312, 10, 100, 0.2,cross-entropy,binary,60000,Xavier,Sigmoid,Sigmoid,0.534,9.649615287780762
313, 10, 50, 0.2,cross-entropy,binary,60000,Xavier,Sigmoid,Sigmoid,0.4515,7.105714321136475
314, 20, 100, 0.2,cross-entropy,binary,60000,Xavier,Sigmoid,Sigmoid,0.6757,19.658966064453125
315, 20, 50, 0.2,cross-entropy,binary,60000,Xavier,Sigmoid,Sigmoid,0.6566,13.723872900009155
316, 10, 100, 0.2,cross-entropy,binary,60000,Xavier,ReLu,Sigmoid,0.704,7.9960291385650635
317, 10, 50, 0.2,cross-entropy,binary,60000,Xavier,ReLu,Sigmoid,0.7282,6.086292266845703
318, 20, 100, 0.2,cross-entropy,binary,60000,Xavier,ReLu,Sigmoid,0.8314,16.77860403060913
319, 20, 50, 0.2,cross-entropy,binary,60000,Xavier,ReLu,Sigmoid,0.8285,12.625558137893677
320, 10, 100, 0.2,cross-entropy,binary,60000,random,Sigmoid,Sigmoid,0.1467,10.082696914672852
321, 10, 50, 0.2,cross-entropy,binary,60000,random,Sigmoid,Sigmoid,0.1596,7.583915948867798
322, 20, 100, 0.2,cross-entropy,binary,60000,random,Sigmoid,Sigmoid,0.2135,20.52269983291626
323, 20, 50, 0.2,cross-entropy,binary,60000,random,Sigmoid,Sigmoid,0.1572,14.568779945373535
324, 10, 100, 0.2,cross-entropy,binary,60000,random,ReLu,Sigmoid,0.5981,8.203307867050171
325, 10, 50, 0.2,cross-entropy,binary,60000,random,ReLu,Sigmoid,0.4828,6.435201168060303
326, 20, 100, 0.2,cross-entropy,binary,60000,random,ReLu,Sigmoid,0.7096,19.911662101745605
327, 20, 50, 0.2,cross-entropy,binary,60000,random,ReLu,Sigmoid,0.5871,14.58818006515503
328, 10, 100, 0.2,cross-entropy,binary,60000,0,Sigmoid,Sigmoid,0.1135,10.689449071884155
329, 10, 50, 0.2,cross-entropy,binary,60000,0,Sigmoid,Sigmoid,0.1135,8.086754083633423
330, 20, 100, 0.2,cross-entropy,binary,60000,0,Sigmoid,Sigmoid,0.1135,20.497644901275635
331, 20, 50, 0.2,cross-entropy,binary,60000,0,Sigmoid,Sigmoid,0.1135,15.14193081855774
332, 10, 100, 0.2,cross-entropy,binary,60000,0,ReLu,Sigmoid,0.1135,8.525696039199829
333, 10, 50, 0.2,cross-entropy,binary,60000,0,ReLu,Sigmoid,0.1135,7.426925897598267
334, 20, 100, 0.2,cross-entropy,binary,60000,0,ReLu,Sigmoid,0.1135,17.40313696861267
335, 20, 50, 0.2,cross-entropy,binary,60000,0,ReLu,Sigmoid,0.1135,15.00018310546875
336, 10, 100, 0.2,quadratic,one_hot,60000,Xavier,Sigmoid,Sigmoid,0.1573,10.443714141845703
337, 10, 50, 0.2,quadratic,one_hot,60000,Xavier,Sigmoid,Sigmoid,0.1787,7.713180065155029
338, 20, 100, 0.2,quadratic,one_hot,60000,Xavier,Sigmoid,Sigmoid,0.3172,21.519212007522583
339, 20, 50, 0.2,quadratic,one_hot,60000,Xavier,Sigmoid,Sigmoid,0.2426,14.47196888923645
340, 10, 100, 0.2,quadratic,one_hot,60000,Xavier,ReLu,Sigmoid,0.3109,8.513685941696167
341, 10, 50, 0.2,quadratic,one_hot,60000,Xavier,ReLu,Sigmoid,0.3413,6.573642015457153
342, 20, 100, 0.2,quadratic,one_hot,60000,Xavier,ReLu,Sigmoid,0.4929,15.474603176116943
343, 20, 50, 0.2,quadratic,one_hot,60000,Xavier,ReLu,Sigmoid,0.363,12.492618083953857
344, 10, 100, 0.2,quadratic,one_hot,60000,random,Sigmoid,Sigmoid,0.0861,9.879634380340576
345, 10, 50, 0.2,quadratic,one_hot,60000,random,Sigmoid,Sigmoid,0.1401,7.160024881362915
346, 20, 100, 0.2,quadratic,one_hot,60000,random,Sigmoid,Sigmoid,0.0785,20.71264386177063
347, 20, 50, 0.2,quadratic,one_hot,60000,random,Sigmoid,Sigmoid,0.1119,17.663859128952026
348, 10, 100, 0.2,quadratic,one_hot,60000,random,ReLu,Sigmoid,0.056,9.12294602394104
349, 10, 50, 0.2,quadratic,one_hot,60000,random,ReLu,Sigmoid,0.1078,8.92974305152893
350, 20, 100, 0.2,quadratic,one_hot,60000,random,ReLu,Sigmoid,0.0947,18.277672290802002
351, 20, 50, 0.2,quadratic,one_hot,60000,random,ReLu,Sigmoid,0.1207,17.247503757476807
352, 10, 100, 0.2,quadratic,one_hot,60000,0,Sigmoid,Sigmoid,0.1135,10.142765045166016
353, 10, 50, 0.2,quadratic,one_hot,60000,0,Sigmoid,Sigmoid,0.1135,7.8044469356536865
354, 20, 100, 0.2,quadratic,one_hot,60000,0,Sigmoid,Sigmoid,0.1135,21.768477201461792
355, 20, 50, 0.2,quadratic,one_hot,60000,0,Sigmoid,Sigmoid,0.1135,14.139493942260742
356, 10, 100, 0.2,quadratic,one_hot,60000,0,ReLu,Sigmoid,0.1135,9.818706035614014
357, 10, 50, 0.2,quadratic,one_hot,60000,0,ReLu,Sigmoid,0.1135,7.843616008758545
358, 20, 100, 0.2,quadratic,one_hot,60000,0,ReLu,Sigmoid,0.1135,16.9835467338562
359, 20, 50, 0.2,quadratic,one_hot,60000,0,ReLu,Sigmoid,0.1135,13.765674114227295
360, 10, 100, 0.2,quadratic,binary,60000,Xavier,Sigmoid,Sigmoid,0.1852,10.263197183609009
361, 10, 50, 0.2,quadratic,binary,60000,Xavier,Sigmoid,Sigmoid,0.1864,7.149865388870239
362, 20, 100, 0.2,quadratic,binary,60000,Xavier,Sigmoid,Sigmoid,0.307,19.940340042114258
363, 20, 50, 0.2,quadratic,binary,60000,Xavier,Sigmoid,Sigmoid,0.2017,15.856792211532593
364, 10, 100, 0.2,quadratic,binary,60000,Xavier,ReLu,Sigmoid,0.3894,8.053613185882568
365, 10, 50, 0.2,quadratic,binary,60000,Xavier,ReLu,Sigmoid,0.2617,6.247948884963989
366, 20, 100, 0.2,quadratic,binary,60000,Xavier,ReLu,Sigmoid,0.3651,15.703808069229126
367, 20, 50, 0.2,quadratic,binary,60000,Xavier,ReLu,Sigmoid,0.4253,12.28671407699585
368, 10, 100, 0.2,quadratic,binary,60000,random,Sigmoid,Sigmoid,0.0957,10.347687005996704
369, 10, 50, 0.2,quadratic,binary,60000,random,Sigmoid,Sigmoid,0.1,7.574645042419434
370, 20, 100, 0.2,quadratic,binary,60000,random,Sigmoid,Sigmoid,0.0967,19.865018129348755
371, 20, 50, 0.2,quadratic,binary,60000,random,Sigmoid,Sigmoid,0.0623,14.054772138595581
372, 10, 100, 0.2,quadratic,binary,60000,random,ReLu,Sigmoid,0.0572,8.198566913604736
373, 10, 50, 0.2,quadratic,binary,60000,random,ReLu,Sigmoid,0.0876,7.060133218765259
374, 20, 100, 0.2,quadratic,binary,60000,random,ReLu,Sigmoid,0.0806,15.796983003616333
375, 20, 50, 0.2,quadratic,binary,60000,random,ReLu,Sigmoid,0.2052,13.200834035873413
376, 10, 100, 0.2,quadratic,binary,60000,0,Sigmoid,Sigmoid,0.1135,10.458691120147705
377, 10, 50, 0.2,quadratic,binary,60000,0,Sigmoid,Sigmoid,0.1135,6.990648031234741
378, 20, 100, 0.2,quadratic,binary,60000,0,Sigmoid,Sigmoid,0.1135,19.67906880378723
379, 20, 50, 0.2,quadratic,binary,60000,0,Sigmoid,Sigmoid,0.1135,13.675756216049194
380, 10, 100, 0.2,quadratic,binary,60000,0,ReLu,Sigmoid,0.1135,10.43376898765564
381, 10, 50, 0.2,quadratic,binary,60000,0,ReLu,Sigmoid,0.1135,8.18704891204834
382, 20, 100, 0.2,quadratic,binary,60000,0,ReLu,Sigmoid,0.1135,17.481191158294678
383, 20, 50, 0.2,quadratic,binary,60000,0,ReLu,Sigmoid,0.1135,14.93765664100647
384, 10, 100, 0.1,cross-entropy,one_hot,32,Xavier,Sigmoid,Sigmoid,0.9621,32.917274951934814
385, 10, 50, 0.1,cross-entropy,one_hot,32,Xavier,Sigmoid,Sigmoid,0.9577,21.970744132995605
386, 20, 100, 0.1,cross-entropy,one_hot,32,Xavier,Sigmoid,Sigmoid,0.9716,79.07740020751953
387, 20, 50, 0.1,cross-entropy,one_hot,32,Xavier,Sigmoid,Sigmoid,0.9658,59.481563091278076
388, 10, 100, 0.1,cross-entropy,one_hot,32,Xavier,ReLu,Sigmoid,0.9767,44.2289559841156
389, 10, 50, 0.1,cross-entropy,one_hot,32,Xavier,ReLu,Sigmoid,0.9716,15.046511173248291
390, 20, 100, 0.1,cross-entropy,one_hot,32,Xavier,ReLu,Sigmoid,0.9803,43.73753595352173
391, 20, 50, 0.1,cross-entropy,one_hot,32,Xavier,ReLu,Sigmoid,0.9753,40.01901388168335
392, 10, 100, 0.1,cross-entropy,one_hot,32,random,Sigmoid,Sigmoid,0.9335,27.981467962265015
393, 10, 50, 0.1,cross-entropy,one_hot,32,random,Sigmoid,Sigmoid,0.9258,21.127067804336548
394, 20, 100, 0.1,cross-entropy,one_hot,32,random,Sigmoid,Sigmoid,0.9459,65.89537405967712
395, 20, 50, 0.1,cross-entropy,one_hot,32,random,Sigmoid,Sigmoid,0.9389,42.17241096496582
396, 10, 100, 0.1,cross-entropy,one_hot,32,random,ReLu,Sigmoid,0.9418,32.12026524543762
397, 10, 50, 0.1,cross-entropy,one_hot,32,random,ReLu,Sigmoid,0.9308,18.787599086761475
398, 20, 100, 0.1,cross-entropy,one_hot,32,random,ReLu,Sigmoid,0.9553,47.23324179649353
399, 20, 50, 0.1,cross-entropy,one_hot,32,random,ReLu,Sigmoid,0.9436,48.0036199092865
400, 10, 100, 0.1,cross-entropy,one_hot,32,0,Sigmoid,Sigmoid,0.3666,29.18428611755371
401, 10, 50, 0.1,cross-entropy,one_hot,32,0,Sigmoid,Sigmoid,0.3586,16.735098838806152
402, 20, 100, 0.1,cross-entropy,one_hot,32,0,Sigmoid,Sigmoid,0.3576,86.06563901901245
403, 20, 50, 0.1,cross-entropy,one_hot,32,0,Sigmoid,Sigmoid,0.3696,35.904935359954834
404, 10, 100, 0.1,cross-entropy,one_hot,32,0,ReLu,Sigmoid,0.1135,23.691678285598755
405, 10, 50, 0.1,cross-entropy,one_hot,32,0,ReLu,Sigmoid,0.1028,16.693439960479736
406, 20, 100, 0.1,cross-entropy,one_hot,32,0,ReLu,Sigmoid,0.1135,42.123740911483765
407, 20, 50, 0.1,cross-entropy,one_hot,32,0,ReLu,Sigmoid,0.1135,30.052239894866943
408, 10, 100, 0.1,cross-entropy,binary,32,Xavier,Sigmoid,Sigmoid,0.9635,28.341124057769775
409, 10, 50, 0.1,cross-entropy,binary,32,Xavier,Sigmoid,Sigmoid,0.9568,17.0149667263031
410, 20, 100, 0.1,cross-entropy,binary,32,Xavier,Sigmoid,Sigmoid,0.9745,50.8531699180603
411, 20, 50, 0.1,cross-entropy,binary,32,Xavier,Sigmoid,Sigmoid,0.9653,36.087093114852905
412, 10, 100, 0.1,cross-entropy,binary,32,Xavier,ReLu,Sigmoid,0.9763,23.639618158340454
413, 10, 50, 0.1,cross-entropy,binary,32,Xavier,ReLu,Sigmoid,0.9714,15.789999008178711
414, 20, 100, 0.1,cross-entropy,binary,32,Xavier,ReLu,Sigmoid,0.9792,49.26137185096741
415, 20, 50, 0.1,cross-entropy,binary,32,Xavier,ReLu,Sigmoid,0.9731,32.16638994216919
416, 10, 100, 0.1,cross-entropy,binary,32,random,Sigmoid,Sigmoid,0.9326,31.574237823486328
417, 10, 50, 0.1,cross-entropy,binary,32,random,Sigmoid,Sigmoid,0.9184,18.147279024124146
418, 20, 100, 0.1,cross-entropy,binary,32,random,Sigmoid,Sigmoid,0.945,66.07805109024048
419, 20, 50, 0.1,cross-entropy,binary,32,random,Sigmoid,Sigmoid,0.9384,37.57194995880127
420, 10, 100, 0.1,cross-entropy,binary,32,random,ReLu,Sigmoid,0.9389,30.880111932754517
421, 10, 50, 0.1,cross-entropy,binary,32,random,ReLu,Sigmoid,0.9338,18.58208394050598
422, 20, 100, 0.1,cross-entropy,binary,32,random,ReLu,Sigmoid,0.954,45.798197984695435
423, 20, 50, 0.1,cross-entropy,binary,32,random,ReLu,Sigmoid,0.9486,32.56549787521362
424, 10, 100, 0.1,cross-entropy,binary,32,0,Sigmoid,Sigmoid,0.3541,27.792124032974243
425, 10, 50, 0.1,cross-entropy,binary,32,0,Sigmoid,Sigmoid,0.3643,21.385226011276245
426, 20, 100, 0.1,cross-entropy,binary,32,0,Sigmoid,Sigmoid,0.3689,55.06692624092102
427, 20, 50, 0.1,cross-entropy,binary,32,0,Sigmoid,Sigmoid,0.3603,31.531328916549683
428, 10, 100, 0.1,cross-entropy,binary,32,0,ReLu,Sigmoid,0.1135,28.540430068969727
429, 10, 50, 0.1,cross-entropy,binary,32,0,ReLu,Sigmoid,0.1135,23.820605039596558
430, 20, 100, 0.1,cross-entropy,binary,32,0,ReLu,Sigmoid,0.1028,74.9086902141571
431, 20, 50, 0.1,cross-entropy,binary,32,0,ReLu,Sigmoid,0.1135,43.31580591201782
432, 10, 100, 0.1,quadratic,one_hot,32,Xavier,Sigmoid,Sigmoid,0.9236,31.343286991119385
433, 10, 50, 0.1,quadratic,one_hot,32,Xavier,Sigmoid,Sigmoid,0.9238,22.04099726676941
434, 20, 100, 0.1,quadratic,one_hot,32,Xavier,Sigmoid,Sigmoid,0.9375,61.17752695083618
435, 20, 50, 0.1,quadratic,one_hot,32,Xavier,Sigmoid,Sigmoid,0.9369,47.90470790863037
436, 10, 100, 0.1,quadratic,one_hot,32,Xavier,ReLu,Sigmoid,0.9637,30.791347980499268
437, 10, 50, 0.1,quadratic,one_hot,32,Xavier,ReLu,Sigmoid,0.9545,22.14662504196167
438, 20, 100, 0.1,quadratic,one_hot,32,Xavier,ReLu,Sigmoid,0.9708,61.58413505554199
439, 20, 50, 0.1,quadratic,one_hot,32,Xavier,ReLu,Sigmoid,0.9668,47.507370948791504
440, 10, 100, 0.1,quadratic,one_hot,32,random,Sigmoid,Sigmoid,0.5571,40.546892166137695
441, 10, 50, 0.1,quadratic,one_hot,32,random,Sigmoid,Sigmoid,0.6744,20.710268020629883
442, 20, 100, 0.1,quadratic,one_hot,32,random,Sigmoid,Sigmoid,0.4662,53.8894567489624
443, 20, 50, 0.1,quadratic,one_hot,32,random,Sigmoid,Sigmoid,0.7252,36.34629583358765
444, 10, 100, 0.1,quadratic,one_hot,32,random,ReLu,Sigmoid,0.2682,23.377439975738525
445, 10, 50, 0.1,quadratic,one_hot,32,random,ReLu,Sigmoid,0.4228,16.35181975364685
446, 20, 100, 0.1,quadratic,one_hot,32,random,ReLu,Sigmoid,0.199,46.86833214759827
447, 20, 50, 0.1,quadratic,one_hot,32,random,ReLu,Sigmoid,0.2046,34.935490131378174
448, 10, 100, 0.1,quadratic,one_hot,32,0,Sigmoid,Sigmoid,0.1135,29.61025619506836
449, 10, 50, 0.1,quadratic,one_hot,32,0,Sigmoid,Sigmoid,0.2078,36.28401517868042
450, 20, 100, 0.1,quadratic,one_hot,32,0,Sigmoid,Sigmoid,0.2403,85.75716185569763
451, 20, 50, 0.1,quadratic,one_hot,32,0,Sigmoid,Sigmoid,0.3014,50.6051561832428
452, 10, 100, 0.1,quadratic,one_hot,32,0,ReLu,Sigmoid,0.1135,23.39206099510193
453, 10, 50, 0.1,quadratic,one_hot,32,0,ReLu,Sigmoid,0.1135,27.32242703437805
454, 20, 100, 0.1,quadratic,one_hot,32,0,ReLu,Sigmoid,0.1135,48.38353085517883
455, 20, 50, 0.1,quadratic,one_hot,32,0,ReLu,Sigmoid,0.1135,32.08633375167847
456, 10, 100, 0.1,quadratic,binary,32,Xavier,Sigmoid,Sigmoid,0.9222,26.62828803062439
457, 10, 50, 0.1,quadratic,binary,32,Xavier,Sigmoid,Sigmoid,0.9241,17.875834941864014
458, 20, 100, 0.1,quadratic,binary,32,Xavier,Sigmoid,Sigmoid,0.9372,50.96048593521118
459, 20, 50, 0.1,quadratic,binary,32,Xavier,Sigmoid,Sigmoid,0.9365,30.474887132644653
460, 10, 100, 0.1,quadratic,binary,32,Xavier,ReLu,Sigmoid,0.9619,23.719998836517334
461, 10, 50, 0.1,quadratic,binary,32,Xavier,ReLu,Sigmoid,0.9555,14.733638763427734
462, 20, 100, 0.1,quadratic,binary,32,Xavier,ReLu,Sigmoid,0.9715,39.61279010772705
463, 20, 50, 0.1,quadratic,binary,32,Xavier,ReLu,Sigmoid,0.9662,29.466209173202515
464, 10, 100, 0.1,quadratic,binary,32,random,Sigmoid,Sigmoid,0.6983,29.93890404701233
465, 10, 50, 0.1,quadratic,binary,32,random,Sigmoid,Sigmoid,0.5927,18.659628868103027
466, 20, 100, 0.1,quadratic,binary,32,random,Sigmoid,Sigmoid,0.5744,55.61095595359802
467, 20, 50, 0.1,quadratic,binary,32,random,Sigmoid,Sigmoid,0.6413,30.064898014068604
468, 10, 100, 0.1,quadratic,binary,32,random,ReLu,Sigmoid,0.3814,23.19434690475464
469, 10, 50, 0.1,quadratic,binary,32,random,ReLu,Sigmoid,0.1589,15.260966777801514
470, 20, 100, 0.1,quadratic,binary,32,random,ReLu,Sigmoid,0.3324,49.67239308357239
471, 20, 50, 0.1,quadratic,binary,32,random,ReLu,Sigmoid,0.3599,38.247133016586304
472, 10, 100, 0.1,quadratic,binary,32,0,Sigmoid,Sigmoid,0.1135,29.229721784591675
473, 10, 50, 0.1,quadratic,binary,32,0,Sigmoid,Sigmoid,0.21,19.77461814880371
474, 20, 100, 0.1,quadratic,binary,32,0,Sigmoid,Sigmoid,0.2477,52.27541494369507
475, 20, 50, 0.1,quadratic,binary,32,0,Sigmoid,Sigmoid,0.2909,37.73011898994446
476, 10, 100, 0.1,quadratic,binary,32,0,ReLu,Sigmoid,0.1135,21.598928213119507
477, 10, 50, 0.1,quadratic,binary,32,0,ReLu,Sigmoid,0.1135,15.35546088218689
478, 20, 100, 0.1,quadratic,binary,32,0,ReLu,Sigmoid,0.1135,43.47209191322327
479, 20, 50, 0.1,quadratic,binary,32,0,ReLu,Sigmoid,0.1135,30.65142512321472
480, 10, 100, 0.2,cross-entropy,one_hot,32,Xavier,Sigmoid,Sigmoid,0.9712,28.145853757858276
481, 10, 50, 0.2,cross-entropy,one_hot,32,Xavier,Sigmoid,Sigmoid,0.9647,21.28137183189392
482, 20, 100, 0.2,cross-entropy,one_hot,32,Xavier,Sigmoid,Sigmoid,0.978,66.82821393013
483, 20, 50, 0.2,cross-entropy,one_hot,32,Xavier,Sigmoid,Sigmoid,0.9693,33.547245264053345
484, 10, 100, 0.2,cross-entropy,one_hot,32,Xavier,ReLu,Sigmoid,0.9789,27.230560064315796
485, 10, 50, 0.2,cross-entropy,one_hot,32,Xavier,ReLu,Sigmoid,0.9727,15.180493116378784
486, 20, 100, 0.2,cross-entropy,one_hot,32,Xavier,ReLu,Sigmoid,0.9788,40.70644521713257
487, 20, 50, 0.2,cross-entropy,one_hot,32,Xavier,ReLu,Sigmoid,0.9718,30.355885982513428
488, 10, 100, 0.2,cross-entropy,one_hot,32,random,Sigmoid,Sigmoid,0.9451,31.98664116859436
489, 10, 50, 0.2,cross-entropy,one_hot,32,random,Sigmoid,Sigmoid,0.9385,20.066720962524414
490, 20, 100, 0.2,cross-entropy,one_hot,32,random,Sigmoid,Sigmoid,0.9523,55.04442000389099
491, 20, 50, 0.2,cross-entropy,one_hot,32,random,Sigmoid,Sigmoid,0.9476,40.26418590545654
492, 10, 100, 0.2,cross-entropy,one_hot,32,random,ReLu,Sigmoid,0.9482,21.165935039520264
493, 10, 50, 0.2,cross-entropy,one_hot,32,random,ReLu,Sigmoid,0.9402,17.91231083869934
494, 20, 100, 0.2,cross-entropy,one_hot,32,random,ReLu,Sigmoid,0.9569,46.8357150554657
495, 20, 50, 0.2,cross-entropy,one_hot,32,random,ReLu,Sigmoid,0.9508,30.13817811012268
496, 10, 100, 0.2,cross-entropy,one_hot,32,0,Sigmoid,Sigmoid,0.3571,25.098361015319824
497, 10, 50, 0.2,cross-entropy,one_hot,32,0,Sigmoid,Sigmoid,0.3687,16.34616494178772
498, 20, 100, 0.2,cross-entropy,one_hot,32,0,Sigmoid,Sigmoid,0.3647,49.49686002731323
499, 20, 50, 0.2,cross-entropy,one_hot,32,0,Sigmoid,Sigmoid,0.3584,41.65609908103943
500, 10, 100, 0.2,cross-entropy,one_hot,32,0,ReLu,Sigmoid,0.1135,184.8970878124237
501, 10, 50, 0.2,cross-entropy,one_hot,32,0,ReLu,Sigmoid,0.1135,17.446523189544678
502, 20, 100, 0.2,cross-entropy,one_hot,32,0,ReLu,Sigmoid,0.1135,58.190990924835205
503, 20, 50, 0.2,cross-entropy,one_hot,32,0,ReLu,Sigmoid,0.1135,33.01884698867798
504, 10, 100, 0.2,cross-entropy,binary,32,Xavier,Sigmoid,Sigmoid,0.9726,35.05925512313843
505, 10, 50, 0.2,cross-entropy,binary,32,Xavier,Sigmoid,Sigmoid,0.9653,36.667036294937134
506, 20, 100, 0.2,cross-entropy,binary,32,Xavier,Sigmoid,Sigmoid,0.975,72.28895115852356
507, 20, 50, 0.2,cross-entropy,binary,32,Xavier,Sigmoid,Sigmoid,0.9708,64.07644295692444
508, 10, 100, 0.2,cross-entropy,binary,32,Xavier,ReLu,Sigmoid,0.9804,49.746636152267456
509, 10, 50, 0.2,cross-entropy,binary,32,Xavier,ReLu,Sigmoid,0.9702,32.11403799057007
510, 20, 100, 0.2,cross-entropy,binary,32,Xavier,ReLu,Sigmoid,0.9801,74.50269389152527
511, 20, 50, 0.2,cross-entropy,binary,32,Xavier,ReLu,Sigmoid,0.9733,48.52309513092041
512, 10, 100, 0.2,cross-entropy,binary,32,random,Sigmoid,Sigmoid,0.9455,36.844099044799805
513, 10, 50, 0.2,cross-entropy,binary,32,random,Sigmoid,Sigmoid,0.9346,27.279566764831543
514, 20, 100, 0.2,cross-entropy,binary,32,random,Sigmoid,Sigmoid,0.955,61.45513892173767
515, 20, 50, 0.2,cross-entropy,binary,32,random,Sigmoid,Sigmoid,0.9487,54.43922162055969
516, 10, 100, 0.2,cross-entropy,binary,32,random,ReLu,Sigmoid,0.9442,37.73982501029968
517, 10, 50, 0.2,cross-entropy,binary,32,random,ReLu,Sigmoid,0.9376,30.126340866088867
518, 20, 100, 0.2,cross-entropy,binary,32,random,ReLu,Sigmoid,0.9558,72.11577415466309
519, 20, 50, 0.2,cross-entropy,binary,32,random,ReLu,Sigmoid,0.9512,57.19061613082886
520, 10, 100, 0.2,cross-entropy,binary,32,0,Sigmoid,Sigmoid,0.357,38.99682092666626
521, 10, 50, 0.2,cross-entropy,binary,32,0,Sigmoid,Sigmoid,0.3631,26.21621823310852
522, 20, 100, 0.2,cross-entropy,binary,32,0,Sigmoid,Sigmoid,0.3646,69.93236470222473
523, 20, 50, 0.2,cross-entropy,binary,32,0,Sigmoid,Sigmoid,0.3769,36.815853118896484
524, 10, 100, 0.2,cross-entropy,binary,32,0,ReLu,Sigmoid,0.1135,23.799553155899048
525, 10, 50, 0.2,cross-entropy,binary,32,0,ReLu,Sigmoid,0.1135,16.17213201522827
526, 20, 100, 0.2,cross-entropy,binary,32,0,ReLu,Sigmoid,0.1135,46.13706684112549
527, 20, 50, 0.2,cross-entropy,binary,32,0,ReLu,Sigmoid,0.1135,38.8355131149292
528, 10, 100, 0.2,quadratic,one_hot,32,Xavier,Sigmoid,Sigmoid,0.9391,21.995990991592407
529, 10, 50, 0.2,quadratic,one_hot,32,Xavier,Sigmoid,Sigmoid,0.9394,16.91917395591736
530, 20, 100, 0.2,quadratic,one_hot,32,Xavier,Sigmoid,Sigmoid,0.9533,45.182852029800415
531, 20, 50, 0.2,quadratic,one_hot,32,Xavier,Sigmoid,Sigmoid,0.9482,36.66145992279053
532, 10, 100, 0.2,quadratic,one_hot,32,Xavier,ReLu,Sigmoid,0.9709,22.5366268157959
533, 10, 50, 0.2,quadratic,one_hot,32,Xavier,ReLu,Sigmoid,0.9659,16.639238834381104
534, 20, 100, 0.2,quadratic,one_hot,32,Xavier,ReLu,Sigmoid,0.977,45.131272077560425
535, 20, 50, 0.2,quadratic,one_hot,32,Xavier,ReLu,Sigmoid,0.971,29.857541799545288
536, 10, 100, 0.2,quadratic,one_hot,32,random,Sigmoid,Sigmoid,0.6552,30.151893854141235
537, 10, 50, 0.2,quadratic,one_hot,32,random,Sigmoid,Sigmoid,0.5963,16.085969924926758
538, 20, 100, 0.2,quadratic,one_hot,32,random,Sigmoid,Sigmoid,0.6583,53.82729196548462
539, 20, 50, 0.2,quadratic,one_hot,32,random,Sigmoid,Sigmoid,0.9012,31.64448881149292
540, 10, 100, 0.2,quadratic,one_hot,32,random,ReLu,Sigmoid,0.2627,25.907965183258057
541, 10, 50, 0.2,quadratic,one_hot,32,random,ReLu,Sigmoid,0.2518,15.161639928817749
542, 20, 100, 0.2,quadratic,one_hot,32,random,ReLu,Sigmoid,0.5394,44.9264018535614
543, 20, 50, 0.2,quadratic,one_hot,32,random,ReLu,Sigmoid,0.3321,29.657092094421387
544, 10, 100, 0.2,quadratic,one_hot,32,0,Sigmoid,Sigmoid,0.251,25.616424083709717
545, 10, 50, 0.2,quadratic,one_hot,32,0,Sigmoid,Sigmoid,0.2967,19.26493501663208
546, 20, 100, 0.2,quadratic,one_hot,32,0,Sigmoid,Sigmoid,0.3406,44.588226079940796
547, 20, 50, 0.2,quadratic,one_hot,32,0,Sigmoid,Sigmoid,0.3207,38.80992102622986
548, 10, 100, 0.2,quadratic,one_hot,32,0,ReLu,Sigmoid,0.1135,23.6004958152771
549, 10, 50, 0.2,quadratic,one_hot,32,0,ReLu,Sigmoid,0.1135,17.566409826278687
550, 20, 100, 0.2,quadratic,one_hot,32,0,ReLu,Sigmoid,0.1135,61.36817479133606
551, 20, 50, 0.2,quadratic,one_hot,32,0,ReLu,Sigmoid,0.1135,36.739710092544556
552, 10, 100, 0.2,quadratic,binary,32,Xavier,Sigmoid,Sigmoid,0.9376,50.271190881729126
553, 10, 50, 0.2,quadratic,binary,32,Xavier,Sigmoid,Sigmoid,0.9359,37.94789004325867
554, 20, 100, 0.2,quadratic,binary,32,Xavier,Sigmoid,Sigmoid,0.9532,71.61853694915771
555, 20, 50, 0.2,quadratic,binary,32,Xavier,Sigmoid,Sigmoid,0.9486,53.49995279312134
556, 10, 100, 0.2,quadratic,binary,32,Xavier,ReLu,Sigmoid,0.9712,35.25379204750061
557, 10, 50, 0.2,quadratic,binary,32,Xavier,ReLu,Sigmoid,0.9667,25.890812873840332
558, 20, 100, 0.2,quadratic,binary,32,Xavier,ReLu,Sigmoid,0.9767,77.79317212104797
559, 20, 50, 0.2,quadratic,binary,32,Xavier,ReLu,Sigmoid,0.9708,52.8830680847168
560, 10, 100, 0.2,quadratic,binary,32,random,Sigmoid,Sigmoid,0.7083,39.31753587722778
561, 10, 50, 0.2,quadratic,binary,32,random,Sigmoid,Sigmoid,0.795,30.616116046905518
562, 20, 100, 0.2,quadratic,binary,32,random,Sigmoid,Sigmoid,0.6346,73.3746600151062
563, 20, 50, 0.2,quadratic,binary,32,random,Sigmoid,Sigmoid,0.714,45.95736217498779
564, 10, 100, 0.2,quadratic,binary,32,random,ReLu,Sigmoid,0.4258,37.61810493469238
565, 10, 50, 0.2,quadratic,binary,32,random,ReLu,Sigmoid,0.271,28.099267959594727
566, 20, 100, 0.2,quadratic,binary,32,random,ReLu,Sigmoid,0.4781,74.53700804710388
567, 20, 50, 0.2,quadratic,binary,32,random,ReLu,Sigmoid,0.389,44.51983118057251
568, 10, 100, 0.2,quadratic,binary,32,0,Sigmoid,Sigmoid,0.2405,42.01703500747681
569, 10, 50, 0.2,quadratic,binary,32,0,Sigmoid,Sigmoid,0.2996,24.92668914794922
570, 20, 100, 0.2,quadratic,binary,32,0,Sigmoid,Sigmoid,0.3358,74.83021593093872
571, 20, 50, 0.2,quadratic,binary,32,0,Sigmoid,Sigmoid,0.3491,46.886399030685425
572, 10, 100, 0.2,quadratic,binary,32,0,ReLu,Sigmoid,0.1135,29.335283041000366
573, 10, 50, 0.2,quadratic,binary,32,0,ReLu,Sigmoid,0.1135,17.6271870136261
574, 20, 100, 0.2,quadratic,binary,32,0,ReLu,Sigmoid,0.1135,55.984166860580444
575, 20, 50, 0.2,quadratic,binary,32,0,ReLu,Sigmoid,0.1135,37.714945793151855
